handle,abonnes,email,hashtag,priorite,bio
@byilhann._clips,-1,,"conseilsyoutube",nano,"🚨Abonnez-vous a mon nouveau compte:
@byilhann.clips je vais bientôt plus poster sur celui-ci"
@carloreco,-1,,"conseilsyoutube",nano,"📼 Ne passe plus jamais à côté des pépites de youtube"
@strategievideo,-1,,"conseilsyoutube",nano,"❤️ Coach en Stratégie YouTube : maximisez votre croissance
👇Boostez vos vues"
@comenumerique,-1,,"conseilsyoutube",nano,"Communicante digitale
Spécialiste social media & site internet 💙
En savoir +👇"
@souhaieldagrouna3,-1,,"conseilsyoutube",nano,"Bienvenue à tous et à toutes abonnez-vous ci le contenu vous plaît objectif 100k"
@glowharder,-1,,"conseilsyoutube",nano,"life advice & mindset ⭐️
you deserve to glow harder

Art of letting go eBook 🩵"
@bouzitv_,-1,,"conseilsyoutube",nano,"Les meilleurs clips de @levraibouseuhh à retrouver ici ⬇️"
@atheeflyest,-1,theeflyestcollab@gmail.com,"conseilsyoutube",nano,"Bienvenue dans mes Flyventures 🧚🏾‍♂️
ig: atheeflyest
YT : @atheeflyest
💌 theeflyestcollab@gmail.com"
@leeclipeur,-1,,"conseilsyoutube",nano,"Aucune biographie pour le moment."
@_daily_mindset_goal,-1,,"conseilsyoutube",nano,"📝Comment j'ai guéri en 4 mois d'une relation de 10 ans
🫶🏻 Développement personnel • rupture amoureuse
💌 Inspiration • motivation • glow up mental"
@hugoreco,-1,,"conseilsyoutube",nano,"Abonne toi si tu sais pas quoi regarder sur YouTube 💻🛜"
@aufeminin,-1,,"conseilsyoutube",nano,"Actus, témoignages, culture, beauté, mode… Le média qui informe et inspire ✨"
@lenasituations,-1,,"conseilsyoutube",nano,"bisouilles 🌻"
@mattintouch,-1,,"conseilsyoutube",nano,"Podcasteur - Entrepreneur
Génération Do It Yourself #GDIY
& La Martingale"
@sirin.gf,-1,,"conseilsyoutube",nano,"@SirinsCollection"
@les_vlogs_de_roro,-1,Vlogderoro.collab@gmail.com,"conseilsyoutube",nano,"Bonjour les amigos de la vida🎀🌟🪩
💌: Vlogderoro.collab@gmail.com
ig:rose_djb"
@blanchelt,-1,,"conseilsyoutube",nano,"Aucune biographie pour le moment."
@lilisuperbelle,-1,lilibelle@foll-ow.com,"conseilsyoutube",nano,"Étudiante en RI 🎀
YTB : Liliurbestie
IG : hdnlili
💌lilibelle@foll-ow.com"
@loladornn,-1,lola.management@mademoisellesoph.fr,"conseilsyoutube",nano,"Ig: lolaadorn
lola.management@mademoisellesoph.fr
Podcast @suite404bythedorns 🤍"
@mayadorable,-1,,"conseilsyoutube",nano,"J'aime le blush, les brushings et raconter ma vie"
@andie_ella,-1,,"conseilsyoutube",nano,"Coucou je suis Youtubeuse
@miliamatcha"
@birtahlin,-1,,"conseilsyoutube",nano,"copenhagen"
@imayy22,-1,,"conseilsyoutube",nano,"Parfois je sort des vidéos 🫡
100k ?? 🙌"
@artsofzhara,-1,knowziggy@gmail.com,"conseilsyoutube",nano,"📍Philly Based
Content Creator | 💌: knowziggy@gmail.com
Personal Diary & Inspo♡"
@dlyze,-1,,"conseilsyoutube",nano,"Mentalité Brrrrrrr
👇🏻
@dlyzeclips"
@femmedemindset,-1,,"conseilsyoutube",nano,"𝓙𝓮 𝓶'𝓪𝓲𝓶𝓮.
𝓙𝓮 𝓬𝓻𝓸𝓲𝓼 𝓮𝓷 𝓶𝓸𝓲.
𝓙𝓮 𝓶𝓮 𝓼𝓸𝓾𝓽𝓲𝓮𝓷𝓼.
🎀"
@numadeo_,-1,,"conseilsyoutube",nano,"🎟️ Agence Personal Brand #1 en France
➡️ instagram : @numadeo_"
@rikusama2.0,-1,,"conseilsyoutube",nano,"Je te partage mes pensées 💭
Compte théorie : +400k 🏆"
@lolanannas_,-1,hello@lolanannas.com,"conseilsyoutube",nano,"insta & youtube : @lolanannas
hello@lolanannas.com
🎀"
@mathildemaispasstudy,-1,,"conseilsyoutube",nano,"20 ans et toutes mes dents"
@legizislem,-1,,"conseilsyoutube",nano,"ألآ بذكر الله تطمئن القلوب♥️
Astu💁Tech📲✅
⏰19H00👉Live🔔
PAGE-®officiel™"
@infographiks,-1,,"conseilsyoutube",nano,"💡 Création de logo et d'identité visuelle
👇 Devis logo & mes outils ici"
@leo.dbg13,-1,,"conseilsyoutube",nano,"🌊🏄🏽‍♂️✈️
Ig: leo.dbg"
@lucasheintz,-1,,"conseilsyoutube",nano,"🎁 Reçois ta formation YouTube gratuite👇"
@go.beks,-1,,"conseilsyoutube",nano,"Un gars en chemin, comme toi.
Je partage ce que j’apprends pour avancer.
Mental • motivation • évolution

👇 Avance avec moi."
@penotti.prod,-1,,"conseilsyoutube",nano,"🎥 RÉAL / VIDÉASTE / PHOTOGRAPHE 🎥
👇🏻 Travaillons ensemble 👇🏻"
@21.nesrine_,-1,nesrine21_pro@hotmail.com,"conseilsyoutube",nano,"☁️ Que de la bienveillance ici🫶🏼
IG: 21nesrine__
📩 nesrine21_pro@hotmail.com
🍉"
@jimmy_laura_astuces,-1,jimmy@expandia.io,"conseilsyoutube",nano,"💛 Astuces
📧 jimmy@expandia.io
Dreame Z30 Pro Aqua (-100€) ⬇️
DREAME Robot tondeuse (-400€) ⬇️"
@sisiiitalk,-1,,"conseilsyoutube",nano,"ฅᨐฅ
⚘ trying to sparkle my life (and yours)
⚘ j'aime bien parler
fr/en/kr
yt @sisiiitalk"
@getcollab.creators,-1,,"conseilsyoutube",nano,"Le média des créateurs 💜

⬇️ Trouve des collabs avec notre outil ⬇️"
@tripswitheva,-1,tripswitheva@gmail.com,"conseilsyoutube",nano,"bonnes adresses, food et beaucoup de voyages ✈️
💌 tripswitheva@gmail.com"
@stella.thumblabai,-1,,"conseilsyoutube",nano,"Crée des miniatures comme tes youtubeurs préférés 🎬
Pour faire plus de vues 📈
Thumblab.ai"
@maximeelim,-1,,"conseilsyoutube",nano,"Étudiant à Dauphine🎓
Je t'aide à avoir de bonnes notes❤️
.
📌 Ma communauté et formation 100% gratuite pour avoir 18 de moyenne : rejoins juste ici ⬇"
@jiji.irl,-1,Jijidesao@gmail.com,"conseilsyoutube",nano,"Ma vie de future star mdr
Musique sur @Jiji 🐈‍⬛
Jijidesao@gmail.com"
@businesswelfare,-1,,"conseilsyoutube",nano,"Success Tips & Entrepreneurship Advice💎"
@sameztwitch,-1,,"conseilsyoutube",nano,"Nancy
Gros bonnet du montage français (modeste) 🏴‍☠️😼
📚📹➡️ editing-360.com"
@bigbrain_club,-1,,"conseilsyoutube",nano,"Ici, pas de snobisme, juste une passion sincère pour les histoires 🎟️"
@verticlip_,-1,,"conseilsyoutube",nano,"Go 2k abos"
@gabzer.mp4,-1,contactgabzer@gmail.com,"conseilsyoutube",nano,"Astuces | Internet | Tech | AI
contactgabzer@gmail.com
⬇️ Découvre des pépites ⬇️"
@clementschool,-1,,"conseilsyoutube",nano,"Je sais que tu veux réussir le bac de français... envoie moi 'Commentaire' sur insta je te met bien 👇"
@clowzenlive,-1,,"conseilsyoutube",nano,"Code Clowzen
En live tout les jours sur Twitch ClowzenFn vers 19/20h 🦋
Compte redif de @nL Clowzen
Lien de l'écran 👇"
@sabah.daily,-1,sabahcontent@gmail.com,"conseilsyoutube",nano,"Looks, beauty, lifestyle and advices
Also ma vie 🫶

UGC / collab : sabahcontent@gmail.com"
@dozy.doz8,-1,Dozydoz31@gmail.com,"conseilsyoutube",nano,"Nouveau compte
Astuce & Réaction sur l'actualité
Pub & Partenariat contact sur : Dozydoz31@gmail.com"
@juliette_bsnn,-1,juliettebsnpro@gmail.com,"conseilsyoutube",nano,"INSTA : juliette_bsn
represented by @The Lyfe Influence juliettebsnpro@gmail.com"
@mila_posada,-1,,"conseilsyoutube",nano,"la teacher de l@s content creators 💌

mkt❤️‍🔥

DESCUENTOS DE VACACIONES ☀️👇🏻"
@mrdreamax,-1,,"conseilsyoutube",nano,"Rejoins-moi sur Instagram"
@frenchstartupper,-1,,"conseilsyoutube",nano,"🏢| 2 sociétés vendues
💸| Crypto / Bourse / Immo
💊| 1 par jour
👇🏽👇🏽"
@maxime.business,-1,,"conseilsyoutube",nano,"🚀 Business en ligne & création de contenu"
@amel_ioration,-1,amel@gisele-paris.fr,"conseilsyoutube",nano,"Beauté, mode, skincare et conseils ✨🤍
💌 amel@gisele-paris.fr
YouTube : amel_ioration_off"
@khironi.astuce,-1,Contact.khironi@gmail.com,"conseilsyoutube",nano,"💡 Créatrice tech française | +1.4M abonnés cumulés
1 Astuce Tech par jour pour simplifier ta vie ✨
✉️ Contact.khironi@gmail.com"
@verbozz_,-1,contact@verbozz.com,"conseilsyoutube",nano,"📧 Pro : contact@verbozz.com
Mes réseaux et liens👇"
@angelinaaa.rd,-1,angelina.ard75@gmail.com,"conseilsyoutube",nano,"Believe in yourself 🤍
📥 angelina.ard75@gmail.com
Ig : Angelina.ard_"
@chanel_astro,-1,,"conseilsyoutube",nano,"Bien être & spiritualité 💫
South Of France ☀️"
@lamethodeantoine,-1,,"conseilsyoutube",nano,"💰J’aide les coachs à scaler leur business
⚡️grâce à l’IA, aux Ads & à l’authenticité
Découvre comment👇"
@giuseppedeluca.be,-1,,"conseilsyoutube",nano,"J'aide les entreprises à raconter leur histoire sur les Résaux Sociaux #ugc"
@raouflifestyle,-1,,"conseilsyoutube",nano,"🔥Astuces TikTok + phone 📲 Immo DZ 🇩🇿🏡 YT 🎥 Raouf Lifestyle 🌍 +50M vues 🚀"
@kara.fp207,-1,,"conseilsyoutube",nano,"Heee abonné vous 😀 en bas 👇 se trouve une surprise clique sur le lien et vas t'abonner ✨👌"
@lelabodesreseaux,-1,,"conseilsyoutube",nano,"Je t’aide à maîtriser les réseaux sociaux
Les offres du Labo ⬇️⬇️⬇️"
@agirquantum,-1,,"conseilsyoutube",nano,"INSPIRATION Il Deviens mieux que Toi-même.
Abonne-toi sur Ytb besoin de force👇"
@iabusinessboost,-1,,"conseilsyoutube",nano,"💲 Ta liberté financière avec l’IA
♾️ IA pour + Argent/Temps
⬇️ Commence Ici"
@_tasnim.sk,-1,souikitasnim.pro@gmail.com,"conseilsyoutube",nano,"📖Student | Reader | Host
🥥Kindness over all
👜souikitasnim.pro@gmail.com"
@bianje__,-1,Kabedesign.pro@gmail.com,"conseilsyoutube",nano,"🎥Je filme pour tes réseaux sociaux
💌Parlons de ton projet : Kabedesign.pro@gmail.com"
@hugodsts,-1,,"conseilsyoutube",nano,"Je code une appli avec vous"
@yyov7,-1,yyovdisiz@gmail.com,"conseilsyoutube",nano,"🤖AI Tech & Automa en mode optimiste
📩yyovdisiz@gmail.com
Mentor @jedhaschool"
@negreraffine1,-1,nrtech221@gmail.com,"conseilsyoutube",nano,"| Créateur de Contenu Utile 🧠
| Vidéos Tech, Application, société📱
| Unboxing / Déballage de produits Tech
| Collab : nrtech221@gmail.com 📧"
@shile9k,-1,,"conseilsyoutube",nano,"Un grand homme a dit un jour : 'J'en ai plein le cul'
https://linktr.ee/shile9k"
@guidetech1,-1,,"conseilsyoutube",nano,"📱 Astuces téléphone & applis 🔧 | Découvre des trucs utiles chaque jour !*"
@pileetface_,-1,,"conseilsyoutube",nano,"🇫🇷
Tuto/astuces sur YouTube (140k)
Vidéaste Pro réouvre ses portes👇"
@lolaaax_w1,-1,,"youtubeurfr",nano,"laissezmoicreverenpaixsvp"
@d4w0n,-1,,"youtubeurfr",nano,"'Pauline on a un problème'"
@guillaumeetkim_off,-1,guillaumeetkim@gmail.com,"youtubeurfr",nano,"Couple de Youtubers 1 Million 👑
Mail: guillaumeetkim@gmail.com"
@guillaumekim14,-1,,"youtubeurfr",nano,"Je m'abonne à ce qui s'abonne allez vous abonné à ma chaine YouTube :https://youtube.com/@zfttiti123ytb?si=8Ro60KVxg1AR5Xwl"
@laupok.off,-1,,"youtubeurfr",nano,"Aucune biographie pour le moment."
@polobleu.fan,-1,,"youtubeurfr",nano,"Salut bonsoir c'est polo!
Le goat des comptes fan
Objectif : le rencontrer irl"
@lascow._.bs,-1,,"youtubeurfr",nano,"flm"
@madoka.cc,-1,,"youtubeurfr",nano,". ݁₊ ⊹ . ݁˖ . ݁
𝒮𝒽𝑒/𝐻𝑒𝓇
•~•
𝐼𝓃𝓈𝓉𝒶 : 𝓂𝒶𝒹𝑜𝓀𝒶.𝒸𝒸
. ݁₊ ⊹ . ݁˖ . ݁"
@top5moments974,-1,,"youtubeurfr",nano,"Objectif 8000 abonnés avant la fin de la semaine"
@oeil_numerique,-1,numerique.contact@gmail.com,"youtubeurfr",nano,"📩 numerique.contact@gmail.com"
@clipe_de_core,-1,,"youtubeurfr",nano,"Aucune biographie pour le moment."
@sh4dyy_,-1,,"youtubeurfr",nano,"Prenez soin de vous 🫂
Free Palestine 🇵🇸
Landes 𓆉"
@staraclov,-1,,"youtubeurfr",nano,"－𝖸𝖮𝖴𝖳𝖴𝖡𝖤-𝖳𝖶𝖨𝖳𝖢𝖧
－𝖨𝗇𝖾𝗌'ᥫ᭡
-𝐒𝐓𝐀𝐑 𝐀𝐂’⭐️
－𝒜𝓂𝒷ℯ𝓇, ℋℯ𝓁ℯ𝓃𝒶, 𝒫𝒾ℯ𝓇𝓇ℯ🎀"
@lesignal.fr,-1,,"youtubeurfr",nano,"🔴 Le Signal — l’info sur les réseaux 🤳.
~~~~~~~~~~~~~~~
📰 Actus, société, faits divers.
🎯 L’essentiel vérifié chaque jour."
@trendviralfr,-1,,"youtubeurfr",nano,"TREND 10K je rends à tout le monde
41% AVANT LA MONETISATION
Objectif 10k 👻"
@aytherseries,-1,,"youtubeurfr",nano,"Toutes les actualités séries, films & cinéma par écrit sur le site internet 🍿⬇️"
@jujufitcats,-1,,"youtubeurfr",nano,"J’parle de tout sans tabous.
Notre App de Sport/Nutrition juste ici :"
@ma3ccp,-1,,"youtubeurfr",nano,"deuxième compte pour les FR
repost x4
notice x8"
@anyme023,-1,Anym@essor.ovh,"youtubeurfr",nano,"Rennes

Anym@essor.ovh

en live sur Twitch à partir de 21h viens🥰👇🏼"
@retrojimso,-1,,"youtubeurfr",nano,"Retro des stars les plus célèbres de notre monde !"
@posayae,-1,,"youtubeurfr",nano,"Il/lui
After effects"
@sachaborg_,-1,,"youtubeurfr",nano,"🤺Sportif le moins sportif de France
📍Toulouse"
@djilsi,-1,,"youtubeurfr",nano,"attendez-vous à rien et tout en même temps"
@j_aime.la.pasteque,-1,,"youtubeurfr",nano,"Créateur tendances / vidéos YouTube
-->colab open
@edits.lady"
@unchained_off,-1,,"youtubeurfr",nano,"👇👇👇👇👇"
@hadja.lms,-1,-hadjab.contact@gmail.com,"youtubeurfr",nano,"19' | Paris'
Stranger things girl
💌-hadjab.contact@gmail.com"
@raytonyt,-1,,"youtubeurfr",nano,"Fais pas le rat et abonne toi 🐀
Nouvelle vidéo Dispo sur ma chaine 🔥
👇"
@sansnomhd,-1,,"youtubeurfr",nano,"Aucune biographie pour le moment."
@zizouc00l,-1,,"youtubeurfr",nano,"🌟 LES MEILLEURS BEST OF 🌟
💥💥
ABONNE TOI
👆📲"
@iris.for,-1,,"youtubeurfr",nano,"kim k 🪭🪩
@Kim Kardashian"
@doomsoradeline,-1,,"youtubeurfr",nano,"Stan depuis 2016
Eng/Fr (Qc)
autres comptes : @ʟ @TRLM @ᴋᴀʏ
Ce compte est dédié à la nostalgie."
@clemx97,-1,,"youtubeurfr",nano,"꧁𝟗𝟕꧂"
@..brian..m,-1,,"youtubeurfr",nano,"Les meilleurs clips que t'as raté🔥
Pour ça faut t'abonner 👇
Objectif 10k"
@albanquiz,-1,albanquiz.pro@gmail.com,"youtubeurfr",nano,"🤓 Quizz de Culture Générale 📖
albanquiz.pro@gmail.com"
@clip_xt,-1,,"youtubeurfr",nano,"Abonnez vous pour ne rien manquer 😉"
@instantnostalgique999,-1,,"youtubeurfr",nano,"Nostalgie
Ig : 973ryyzzee_ et keyss_mer
Pour ceux qui veulent créer, j'explique en dm"
@julsalright,-1,juliapntr23@gmail.com,"youtubeurfr",nano,"𝐣𝐮𝐥𝐢𝐚
ta supportrice de l'OM préférée 🩵🤍
23 ans
collab : juliapntr23@gmail.com"
@lou..s.t,-1,,"youtubeurfr",nano,"Aucune biographie pour le moment."
@faiseemoc84,-1,,"youtubeurfr",nano,"🔥 Des faits étonnants que tu ne connais sûrement pas! 🔥

👀 Abonne toi 👀"
@4m.ndy.ytb,-1,,"youtubeurfr",nano,"Aucune biographie pour le moment."
@sebraex,-1,,"youtubeurfr",nano,"Edit youtube
Main acc > @𓆉︎ 𝕄𝕒𝕨𝕚𝕞𝕠𝕚 𓆉︎"
@bigfloetoli_officiel,-1,,"youtubeurfr",nano,"KARMA 💿🌀 nouvel album
On gère le compte nous même

Venez nous voir en concert ⬇️"
@amixemrigolo,-1,,"youtubeurfr",nano,"c’est moi le youtuber maximen"
@k2d_tv,-1,,"youtubeurfr",nano,"❤️🎵🎤"
@nathann_quiz,-1,nathanonirl@gmail.com,"youtubeurfr",nano,"1 Quiz par jour ⚽️
Abonne toi pour ne rien rater 🚨
nathanonirl@gmail.com 📨
- 15% avec le code : NATHAN15 👇"
@mastubeee,-1,,"youtubeurfr",nano,"le youtube français ⋆. 𐙚 ̊
im backk"
@k3m1k0o,-1,,"youtubeurfr",nano,"15yo | editor
twitch fr <3
@𝐦𝐚𝐲’𝐬 🫧 😈
ENJT"
@inaya.abh0,-1,inayacasting@gmail.com,"youtubeurfr",nano,"à la base c'est inaya mais askip erasmus aussi
inayacasting@gmail.com
'it's free Palestine until Palestine is free'
🇵🇸"
@neyhla001,-1,,"youtubeurfr",nano,"Aucune biographie pour le moment."
@m6stu,-1,,"youtubeurfr",nano,"🇫🇷"
@good.vibes207,-1,,"youtubeurfr",nano,"Abonne toi 🙏🙏
⬇️⬇️"
@interludeandchill,-1,,"youtubeurfr",nano,"Interlude mais en pop"
@th0mas_brs,-1,Thomasprtk@gmail.com,"youtubeurfr",nano,"💤
📥 Thomasprtk@gmail.com"
@usermtx,-1,,"youtubeurfr",nano,"Aucune biographie pour le moment."
@storymoviee__,-1,,"youtubeurfr",nano,"Ils sont devenus quoi ?

Abonne toi"
@itschachou147,-1,,"youtubeurfr",nano,"Live Asmr tous les jours 17h ⭐️

Je pars en voyage & je vlog tout
YouTube : chachou147 🐠🍋"
@snyeytb,-1,,"youtubeurfr",nano,"Aucune biographie pour le moment."
@lulue._ytb,-1,,"youtubeurfr",nano,"juste une fille qui adore le youtube fr 🤷🏼‍♀️
je partage ma passion ici, on parle un peu de tout ❣️"
@edgareact,-1,edgareactpro@gmail.com,"youtubeurfr",nano,"Les meilleurs Top Football ⚽️
edgareactpro@gmail.com 📨"
@clip_aminematue,-1,,"youtubeurfr",nano,"Je ne suis pas Amine ! 🫠 ✌🏼"
@zervec_,-1,contactzervec@gmail.com,"youtubeurfr",nano,"📬 Business : contactzervec@gmail.com

Insta : zervecc
X : zervec_"
@monsieur_top,-1,le.top.10@hotmail.com,"youtubeurfr",nano,"Des nouvelles vidéos chaque jour !
👻: monsieur-top
✉️: le.top.10@hotmail.com"
@gabrielle_.ytb,-1,,"youtubeurfr",nano,"Edit du ytb fr"
@abby.lark,-1,,"youtubeurfr",nano,"Your Pop Culture BFF 🎥🎙
I 💛 🍍 on 🍕
Insta: abby.lark
Ytb: Zarbby"
@brutofficiel,-1,,"youtubeurfr",nano,"Histoires sans filtres. 🎥
Plus d'infos sur notre compte Insta @brutofficiel"
@agrl.czy,-1,,"youtubeurfr",nano,"🌸"
@timetopchart,-1,,"youtubeurfr",nano,"Statistiques et classement en tous genre 📈"
@thomas_ov4,-1,,"youtubeurfr",nano,"UAS Operator & Electronics builds.
We talk about tech
Osprey Vision CEO 🇫🇷"
@barleka,-1,,"youtubeurfr",nano,"wsh bien ?
j'rap pas ma vie hein

ig : barleka
..."
@whitaces,-1,,"youtubeurfr",nano,"Aucune biographie pour le moment."
@alonewithnoname,-1,,"youtubeurfr",nano,"Aucune biographie pour le moment."
@washediridescent,-1,,"youtubeurfr",nano,"Aucune biographie pour le moment."
@byilhann,-1,byilhan.contact@gmail.com,"youtubeurfr",nano,"Soyez vous même
📤 byilhan.contact@gmail.com
En live tout les soirs à 20h30
⬇️"
@star_bizness7,-1,,"youtubeurfr",nano,"Abonne-toi pour plus d'infos star ⭐️
2000 🎯"
@rose_ytb,-1,,"youtubeurfr",nano,"Future youtubeuse🥹
-Ytb: Rose_ytb22
-Twitch: rose_ytb22
fan YouTube🎞
fan de Polak🐻🇵🇱"
@hugodecrypte,-1,,"youtubeurfr",nano,"Je te propose un résumé rapide et clair de l’actualité !
🔔 Et pour plus d'actus, RDV sur lnsta : hugodecrypte"
@clembks_,-1,,"youtubeurfr",nano,"𝘈𝘻𝘳𝘢’𝘴 𝘷𝘦𝘳𝘴𝘪𝘰𝘯 ྀིྀི
⟢𝐜𝐫:
⟢𝐠𝐨𝐚𝐥: 7/20 📖
⟢𝐢𝐠: clembks_
🕷️🎱💜🖤🔮"
@raimboiwshow,-1,,"youtubeurfr",nano,"🇨🇮"
@grabrielle_edits,-1,,"youtubeurfr",nano,"Safe place 🫶🏼"
@maghla,-1,,"youtubeurfr",nano,"Mère des chipies 🌻"
@minishaq76,-1,,"youtubeurfr",nano,"Free Palestine 🇵🇸 Free 🇨🇩 Musulman🕌
Snap:cire24161 ajouter moi"
@jacksons_ontop,-1,Collab.Jacksons@gmail.com,"youtubeurfr",nano,"TikTok officiel des Jacksons.
📧 Collab.Jacksons@gmail.com"
@ylh_x2w,-1,,"youtubeurfr",nano,"📽 Editor
🚀 Road to 10K
2K ✅ / 3K ❌
🎮 PSN : Brayan_XW2
🔴 Twitch : YLH_Off"
@mychiek,-1,,"youtubeurfr",nano,"Edit🎀"
@lorikgames,-1,,"youtubeurfr",nano,"⚜️ 🔵 Quebec 🔵 ⚜️
🔥videogames lover🔥
compte live : @livelorikgames"
@claryam.off,-1,,"youtubeurfr",nano,"Aucune biographie pour le moment."
@bagherajones,-1,,"youtubeurfr",nano,"un contenu de dingue"
@kaatsup,-1,kaatsup.collab@gmail.com,"youtubeurfr",nano,"Mailpro : kaatsup.collab@gmail.com"
@anaonair_,-1,,"youtubeurfr",nano,"Ta référence endurance et GT 💁🏻‍♀️🏎️"
@camlv,-1,,"youtubeurfr",nano,"enregistre mon EP 🥹🎧👇🏻"
@doomslavraie,-1,,"youtubeurfr",nano,"Youtube => dooms
Plus messy girl que clean girl 💅"
@emmagraziano_,-1,emmagraziano.pro@gmail.com,"youtubeurfr",nano,"Mail pro : emmagraziano.pro@gmail.com"
@chocolandvanillah_,-1,,"youtubeurfr",nano,"• youtubeuse 2M chocohpop’s 🍫🩷 • snap : chocohoff"
@theagstiktok,-1,theagsnpro@gmail.com,"youtubeurfr",nano,"une meuf qui chante 🎧🎙️
insta / ytb - thea_gs
💌 theagsnpro@gmail.com
'Crève mon cœur' DISPO PARTOUT 👇🏼 ✨"
@natoo,-1,,"youtubeurfr",nano,"Aucune biographie pour le moment."
@pidiyt,-1,pidimeg.yt@gmail.com,"youtubeurfr",nano,"Pidi 🤍💌 pidimeg.yt@gmail.com"
@cossi_tiktok,-1,cossiyt.pro@gmail.com,"youtubeurfr",nano,"Mail: cossiyt.pro@gmail.com
1.5M de goats sur yt 🤯
Live vendredi 19h sur twitch: cossi_twitch

2ème compte: @Cossi Fast ⚡️"
@luyarz.spam,-1,,"youtubeurfr",nano,"Lien de ma chaîne youtube 👇
-10% LUYARZ sur MyProtein
➡️ Abonne toi"
@soweeeto,-1,sowetodpro@gmail.com,"youtubeurfr",nano,"Make-up | Lifestyle | Actu | Family
IG & SC : lifeofsoweto
📩 collabs : sowetodpro@gmail.com"
@queenorelzil,-1,,"youtubeurfr",nano,"Je documente la version de moi que j’essaie de devenir 👩🏾‍💻
- for my hg 🥥"
@nihad_sdt,-1,nihad.sdt@gmail.com,"youtubeurfr",nano,"• Gym & Motivation •
@Nutrimuscle France code : ' NIHAD '
📩 contact : nihad.sdt@gmail.com
@Fitzy.off shirt brand 👇🏼"
@niinii.edits,-1,,"youtubeurfr",nano,"french
i edit stuff 👶🏻"
@snap.fr35,-1,,"youtubeurfr",nano,"Aucune biographie pour le moment."
@amixem.a.vie,-1,,"youtubeurfr",nano,"Amixem le meilleur youtubeur du monde pas ouvert au débat❤️🖤"
@vdo.ytb40,-1,,"youtubeurfr",nano,"Le meilleur des vidéos YouTube 🇫🇷✨.N'hésitez pas à vous abonnez ça me soutiendrais énormément 😇✨."
@itys93,-1,,"youtubeurfr",nano,"Aucune biographie pour le moment."
@youtube,-1,,"youtubeurfr",nano,"like & subscribe"
@michou_yt,-1,,"youtubeurfr",nano,"Des fois j’ai des bonnes idées 🤧

🔥👇 Ma Chaîne YouTube 👇🔥"
@mastulipe,-1,,"youtubeurfr",nano,"Check ici👇"
@inoxtag,-1,,"youtubeurfr",nano,"Je suis un shinobi de Konoha ⚡️
Ma chaîne YouTube:"
@monkeydinox,-1,,"youtubeurfr",nano,"Mon 2ème compte pour spam les reufs ⛵️
Ma Chaîne Youtube :"
@cquoilinfo,-1,,"youtubeurfr",nano,"🟡 Actu, pop culture, trends...
🟡 Les infos qui te concernent, par @franceinfo"
@am4liahiddl,-1,,"youtubeurfr",nano,"Aucune biographie pour le moment."
@sev_blgr,-1,,"youtubeurfr",nano,"🥰"
@bluerbiesies,-1,,"devenirYouTubeur",nano,"Guys I don't use this account anymore follow @Monyroth !!"
@hillouu,-1,,"devenirYouTubeur",nano,"Ma chaîne YouTube ⤴️
Ig: Willibed"
@.kuddlez,-1,Kuddlezdocu@gmail.com,"devenirYouTubeur",nano,"yt-kuddlez
1.58k

✉️ Kuddlezdocu@gmail.com"
@elriroberts_,-1,elrirobertsbusiness@gmail.com,"devenirYouTubeur",nano,"delusional 20yr old
⋆
elrirobertsbusiness@gmail.com"
@spirelsecerts,-1,,"devenirYouTubeur",nano,"Just pushing along ✌️
You always have a reason ❤️
'Before you try once,think twice'
-Cole Roach"
@notdenzzyy,-1,,"devenirYouTubeur",nano,"| Full Videos on Youtube |"
@adri1bs,-1,,"devenirYouTubeur",nano,"Brawl Stars Player & Editor 🇫🇷
1M Subs on YouTube 🔥
(2nd Account : @AdriBS2)

⬇️My YouTube⬇️"
@e_pakhohh,-1,pakhoht@gmail.com,"devenirYouTubeur",nano,"Pourquoi le Rire Jaune, et pas Cyprien ? T'es louche
📩:pakhoht@gmail.com"
@itsmaouno,-1,,"devenirYouTubeur",nano,"👻 itsmaouno pour becter 📈"
@mnlhere,-1,mnlherebox@gmail.com,"devenirYouTubeur",nano,"| fr | e-diary☆彡
Code Yesstyle : MNLHERE21
✉️- mnlherebox@gmail.com"
@1lbunnyy,-1,,"devenirYouTubeur",nano,"🧘🏻‍♀️🌿🐰🍵🪭
i am not impersonating anyone"
@khalidalawar.ai,-1,,"devenirYouTubeur",nano,"ابتكارات البيانات وال AI |🤖
تطبيقاتي 1.5M+ تحميل |🦾"
@ellodieelld,-1,ellodietoua@gmail.com,"devenirYouTubeur",nano,"my 20's chaos

IG - ellodieelld
💌ellodietoua@gmail.com"
@dj4yskate,-1,,"devenirYouTubeur",nano,"Content Creator"
@loczzeekk,-1,,"devenirYouTubeur",nano,"Just a dude that wants to be a Minecraft Youtuber one day

Youtube: Loczek"
@masmass.__,-1,,"devenirYouTubeur",nano,"✰ig:masmass.__✰
✰ytb:@Masmas_ytb✰"
@charlinecherry,-1,charlinecherryshorizons@gmail.com,"devenirYouTubeur",nano,"💌 charlinecherryshorizons@gmail.com
@Charline cherry’s
⬇️"
@shn00ki,-1,nicole@embrtalent.com,"devenirYouTubeur",nano,"⭒ hiiii ⭒
maryland
salvadoreña
💌 nicole@embrtalent.com
↓ ↓ ↓ ↓"
@not.weso,-1,,"devenirYouTubeur",nano,"YouTube: Wspweso
Twitch: WspWeso
@450.TJ🪖"
@evanv_77,-1,Evanvcollab@gmail.com,"devenirYouTubeur",nano,"J’suis pas drôle
Evanvcollab@gmail.com"
@bl4ck.sonic,-1,,"devenirYouTubeur",nano,"God first‼️
Pls don't take me serious😭
SUB to my YouTube
⬇️⬇️⬇️⬇️⬇️⬇️⬇️"
@yzylereel,-1,yzylereelpro@gmail.com,"devenirYouTubeur",nano,"Mangaka Français
Mail pro : yzylereelpro@gmail.com
|g : yzylereel"
@seyma_ytb,-1,ytbseyma@gmail.com,"devenirYouTubeur",nano,"Marc:9.23
📩=ytbseyma@gmail.com
Mon YouTube 👇🏽"
@shinto_sb,-1,serineshinto@gmail.com,"devenirYouTubeur",nano,"🏴‍☠️🌊les aventures de shinto🌊🏴‍☠️

serineshinto@gmail.com
ytb : shinto
insta : shinto_sb"
@romainclsytb,-1,,"devenirYouTubeur",nano,"Aucune biographie pour le moment."
@lisamb___,-1,,"devenirYouTubeur",nano,"Mode | Selflove | Confiance en soi
🐶 dog mom"
@isabellal4i,-1,isabellapartner67@gmail.com,"devenirYouTubeur",nano,"yt-@izabeluuu
ig-isblla2k
💌- isabellapartner67@gmail.com
personal tt account!
@Storm Models"
@vihau_ytb27,-1,vihauvictoire@gmail.com,"devenirYouTubeur",nano,"- Créatrice de contenue 📱
-collab=vihauvictoire@gmail.com
💛🌷"
@nirvatech.clo,-1,contact@nirvatechies.com,"devenirYouTubeur",nano,"Tech et Lifestyle
💌 contact@nirvatechies.com
Youtube+13k NirvaTech Clotaire
⚠️ Pas de conseils financiers.
Tous mes Liens en bio👇🏾👇🏾"
@toinelag.0,-1,,"devenirYouTubeur",nano,"Aucune biographie pour le moment."
@tacopinebess,-1,,"devenirYouTubeur",nano,"TA COPINE D'INTERNET 💌🫂
ig : b.e.s.s__
ytb : TA COPINE BESS"
@.scxrletty_,-1,,"devenirYouTubeur",nano,"Scarletty
ꨄYtb:scxrlettyꨄ
1k ! Love 💕"
@byarah.ytb,-1,,"devenirYouTubeur",nano,"Ytb: byarah
Twitch: byarah
Insta: byarahytb"
@maxwaylaze,-1,,"devenirYouTubeur",nano,"Je fait des vidéo et stream"
@ryn_ytb5,-1,rynytb06@gmail.com,"devenirYouTubeur",nano,"« quoi qu’il arrive on meurt toujours seul » -Gojo Satoru
Collab:rynytb06@gmail.com
Ig:r.y.n23
🇵🇸🇸🇩🇨🇩"
@nesshiytb,-1,,"devenirYouTubeur",nano,"'si t'a un rêve vas-y essaye' 🙌🏻💗
yt : nesshiytb <3
'la fan de theodort'🥸
compte fan de theodort : @✨💗 Inès 💗✨"
@hugo.mp4_ytb,-1,,"devenirYouTubeur",nano,"Aucune biographie pour le moment."
@ben_lanalyste,-1,,"devenirYouTubeur",nano,"En gros j'explique des trucs en 60 secondes.
https://youtube.com/@benlanalyste"
@elyonverse,-1,,"devenirYouTubeur",nano,"Une famille, 4 frères et leur papounet ✨"
@damien_glbrt,-1,,"devenirYouTubeur",nano,"🔥 Youtube : Damien Guilbert 🔥
Insta : Damien_glbrt"
@nite.studio,-1,,"devenirYouTubeur",nano,"Photographe & Videaste
Nantes & Paris, France"
@krolenoff23,-1,,"devenirYouTubeur",nano,"Mes réseaux 🔥⬇️
My First account @KrolenOff 👒"
@johaniss_fr,-1,,"devenirYouTubeur",nano,"🇫🇷🇷🇪✝️"
@lagoesfamilly,-1,,"devenirYouTubeur",nano,"Abonne-toi pour ne rien rater des vidéos"
@4.screen,-1,,"devenirYouTubeur",nano,"FOUR screen mais on est que deux ✌️
Abonne toi ouesh
Youtube --> @4.screen"
@gio_off,-1,giogiotiktok@icloud.com,"devenirYouTubeur",nano,"compte principal @giogio_301
📨:giogiotiktok@icloud.com"
@luxx_le_vrai,-1,,"devenirYouTubeur",nano,"Je teste des concepts IRL que t’oserais jamais 🤯
Gênance, humour & réactions 👀
▶️ YT: Luxx_officiel | 📸 Insta: luxx_officiel | 🎮 Twitch: luxx9740"
@s1neditss,-1,,"devenirYouTubeur",nano,"Aucune biographie pour le moment."
@yasmine_rdi,-1,,"devenirYouTubeur",nano,"Ig: @la.mansraude
@Notif.remember"
@ombeline.mp4,-1,,"devenirYouTubeur",nano,"ytb, vlog & games
20"
@sunkiste_l,-1,laurie.crstp@gmail.com,"devenirYouTubeur",nano,"Danse & lifestyle
Ig : sunkiste_l
💌 : laurie.crstp@gmail.com"
@elina_bllc,-1,elina.bellec@gmail.com,"devenirYouTubeur",nano,"Insta : elina__bllc
Youtube : Elina fait son cinéma
Pro : elina.bellec@gmail.com"
@itschabbotvv,-1,,"devenirYouTubeur",nano,"Aucune biographie pour le moment."
@.euyngo,-1,,"devenirYouTubeur",nano,"Insta: euyngoo"
@tiimooun,-1,,"devenirYouTubeur",nano,"'Ephésiens 5:20'

Ig:Timoun03"
@jow7715,-1,Jonathanake.ugc@gmail.com,"devenirYouTubeur",nano,"La parole est ma force 🙇🏾
IG:jow.gdn
📥: Jonathanake.ugc@gmail.com"
@maisnannncestpasdsr,-1,desireehrts8@gmail.com,"devenirYouTubeur",nano,"70 x 7 fois.
insta et snap : desireekbe
💌 desireehrts8@gmail.com"
@qbcoachyt,-1,,"devenirYouTubeur",nano,"Yo l'équipe c'est Quentin ✌️

ROAD TO SUPER HUMAIN 🔥

YOUTUBEUR ⬇️🎥"
@videopreneurs,-1,,"devenirYouTubeur",nano,"Booste tes ventes avec la VIDÉO 🚀
Ta stratégie offerte👇
https://bit.ly/3M6emge"
@lolloclips_official,-1,,"devenirYouTubeur",nano,"SEGUIMI SU YT🔥
@lollo APPROVED✅
🔴YT(+186k) |📱Insta(+10) | 🎵TikTok: (+36k) | 👻Snapchat | 💬Discord

NON SONO LOLLO"
@patrickmoumiet,-1,,"devenirYouTubeur",nano,"Marketing
TikTok coaching
Tech"
@scarswinqs,-1,,"devenirYouTubeur",nano,"🍵🌊🌊 girl
𓈒 ˖ ࣪ 𝜗𝜚
tumblr: scarswinqs
･˖･ᰔ :⋆:
161 141 1312"
@shadki7er,-1,,"devenirYouTubeur",nano,"Aucune biographie pour le moment."
@user2258371342845,-1,,"devenirYouTubeur",nano,"Aucune biographie pour le moment."
@amaury_yt,-1,,"devenirYouTubeur",nano,"AMAURY 🦅
YouTube: 9,2K
Insta: 2,8K

ABONNE-TOI"
@toinelag_fan,-1,,"devenirYouTubeur",nano,"Aucune biographie pour le moment."
@raboxe,-1,,"devenirYouTubeur",nano,"Dans la joie et la bonne humeur, je veux faire sourire le monde entier et realiser mon rêve de devenir youtubeur, j'en rêve depuis mes 8 ans

18 ans

"
@kazumanotfound,-1,,"devenirYouTubeur",nano,"🇺🇸/🏴󠁧󠁢󠁥󠁮󠁧󠁿/🇫🇷
📍Tokyo🗼
⬇️EN STREAM⬇️"
@erwan__ytb,-1,,"devenirYouTubeur",nano,"petit youtubeur et streameur"
@lostnfawn0,-1,,"devenirYouTubeur",nano,"19
i play minecraft!
youtube: lostnfawn"
@ezwiin_,-1,,"devenirYouTubeur",nano,"• Twitch : Ezwiin_
• YouTube : Ezwiin
• Instagram : Ezwiin
• Twitter : Ezwiino
• Discord : https://discord.gg/TQ4wn6vaF"
@nouhraz.vr,-1,,"devenirYouTubeur",nano,"Please follow! 🙏

JOIN DISC FOR GIVEAWAYS!"
@lina_lamaline,-1,klina.lamaline@gmail.com,"devenirYouTubeur",nano,"Cannoise 🇫🇷
Contact : klina.lamaline@gmail.com
Ig : _linalamaline_

Mensurations : 1m50 ; 45kg ; Xs / S ; 35"
@frz.rider,-1,,"devenirYouTubeur",nano,"🏍️ | Honda NX500
Future 🏍️ | Honda CB1000GT
Instagram ▶️ frz.rider
Profites ! -10% sur As Shop 45 avec le code frz.rider10 🔥 wwwasshop45000.myshopi"
@tropmytho,-1,,"devenirYouTubeur",nano,"📺 #TropMytho le média anti fake news qui décrypte l’actu et les idées reçues 💡"
@osonscauser,-1,,"devenirYouTubeur",nano,"L'actu décryptée comme à un pote.
Notre site pr aller + loin : Osons Comprendre"
@lhardyy,-1,,"monetisationyoutube",nano,"J'ai un rêve !
🇵🇸🇨🇩
Passion YouTube 🎥 / sport 🏋🏻
Twitch : lhardyy
Insta : lhardyyoff"
@createwithfar,-1,,"monetisationyoutube",nano,"Create Anything w/ Me! 🙌🏽"
@kelvinhowardd,-1,,"monetisationyoutube",nano,"Chicago
I build faceless yt channels
Documenting road to $30k/m
Apply for mentorship 👇🏾"
@sagiiovanna,-1,,"monetisationyoutube",nano,"sagiiovanna sur YOUTUBE 🤍🎥"
@antoine.spambusiness,-1,,"monetisationyoutube",nano,"Argent,business sans tabou (compte secondaire)
Youtube & Insta - Antoinebouganne"
@theolalloz,-1,,"monetisationyoutube",nano,"Je crée des chaînes YouTube à 2-5K€/mois
650+ élèves sortis de la 🐀 race
⤵ LANCE TOI MAINTENANT"
@mr_jaxed,-1,,"monetisationyoutube",nano,"Juste un Entrepreneur qui partage des tips et sa pensée 🙂"
@pham.mp4,-1,,"monetisationyoutube",nano,"documenting the process of viral videos

insta - phamm.mp4"
@ishowyoutube7,-1,,"monetisationyoutube",nano,"I’ll send it all once I hit 10,000 followers!"
@tiboinshape,-1,,"monetisationyoutube",nano,"🇫🇷Fitness, Fun, Motivation
@Inshape Nutrition"
@seraphin_mp,-1,,"monetisationyoutube",nano,"💸 J’ai aidé +857 personnes à prendre leur liberté
🛍️ Grâce à l’Affiliation TikTok Shop & l'IA
📚Je t'explique tout gratuitement👇"
@promomusique,-1,,"monetisationyoutube",nano,"Démarrer la promo de votre musique 👇🏻"
@nataliewtlee80,-1,nataliewtunglee@gmail.com,"monetisationyoutube",nano,"New ACC - welcome back!!
life in NYC
💌nataliewtunglee@gmail.com"
@deekay_life,-1,,"monetisationyoutube",nano,"AI workflows & edits"
@entrepreneusedafrique,-1,,"monetisationyoutube",nano,"📈EXPERTE VIRALITÉ ORGANIQUE & STRATÉGIQUE
💶 JE T'APPREND À DEVENIR VIRAL ET À VENDRE
🌍AFRICA LOVER🇲🇦 MOROCCAN"
@afro_garden,-1,,"monetisationyoutube",nano,"Illustrations & objets inspirés
par la Culture Afro 🎨
De l’Afro Vibes pour embellir ton quotidien ✨"
@rachelfinance,-1,,"monetisationyoutube",nano,"💶 Budget & Investissements 📈

Permit 0866852"
@razvanparasc,-1,,"monetisationyoutube",nano,"🎯 Helping 9-5ers build faceless income | 10+ channels earn $10K+/mo | 🚀 DM to start your passive income Journey #Ai #youtube #youtubeautomation"
@bizness.prod,-1,,"monetisationyoutube",nano,"⬇️ Toi aussi deviens viral et fait de l'argent facilement avec REMAKEIT.IO 🚀💸"
@teya.sl,-1,,"monetisationyoutube",nano,"Teya la bete de meuf ( tu comprendras jms rien)
Yt: TeyaSl -> vas voir mes vlogs
mon ig c le mm que le tiktok"
@mazedi_tutos,-1,,"monetisationyoutube",nano,"𝘾𝙧é𝙚 𝙩𝙤𝙣 𝙘𝙤𝙢𝙥𝙩𝙚 𝙏𝙞𝙠𝙏𝙤𝙠 𝙢𝙤𝙣𝙚𝙩𝙞𝙨𝙖𝙗𝙡𝙚 𝙚𝙩 𝙙𝙚𝙨 𝙫𝙞𝙙𝙚𝙤𝙨 𝙄𝘼 𝙚𝙣 𝙘𝙡𝙞𝙦𝙪𝙖𝙣𝙩 𝙞𝙘𝙞.
👇🏽👇🏽👇🏽"
@mtinvest_,-1,,"monetisationyoutube",nano,"✅ Entrepreneuriat, Bourse & Business"
@regelegorila1,-1,regelegorilacontact@gmail.com,"monetisationyoutube",nano,"Contact : regelegorilacontact@gmail.com
Vidéaste avide de cinéma et séries"
@how.toprint,-1,,"monetisationyoutube",nano,"Attention architect"
@quietpays,-1,,"monetisationyoutube",nano,"i don’t sell courses 🤝
free YT groupchat ⬇️"
@zynonm0,-1,,"monetisationyoutube",nano,"🥶"
@iamjjacob13,-1,,"monetisationyoutube",nano,"like and follow :)"
@mynewlife_julien,-1,,"monetisationyoutube",nano,"Mon objectif : Te faire passer de 0€ à +3000€/mois en plus de ton taff ou tes études.
DM 'GO' sur insta si tu veux que je t'aide"
@imjustagirlenfait,-1,,"monetisationyoutube",nano,"Juste une meuf chill qui aime bien les potins 😔🍿
@imjustagirlenfait2"
@ytamasters0,-1,,"monetisationyoutube",nano,"🚀 I help 9-5ers make cashflow on YouTube without making videos or showing face💰. DM me 'YTA' to start.👑 Join My Free Guide channel ASAP 👇👇👇"
@aibdarija_official,-1,,"monetisationyoutube",nano,"Ali | Youtube Mastery
🤖 Create viral videos.
💡 grow from my journey"
@lea.glth,-1,,"monetisationyoutube",nano,"I FOLLOW BACK !! 🥰💗
Je rends !!"
@bremyt,-1,,"monetisationyoutube",nano,"You've probably watched my videos before
Learn from me⬇️"
@yosheez,-1,contact@yosheez.com,"monetisationyoutube",nano,"💾 Technologie / Mobile / PC / Consoles
✉️ contact@yosheez.com
@Yosheez Gaming"
@georgia_backuppage,-1,,"monetisationyoutube",nano,"@Girls, Disrupted- Podcast
NYC / AUS"
@clipstreamcore,-1,,"monetisationyoutube",nano,"Top streamer moments 🎮
Road to 10K 🚀
Daily Uploads
Je follow back
👇 Follow for more"
@tankeudesign,-1,,"monetisationyoutube",nano,"Formateur, Coach & Créateur de contenu
Rejoins la Creator Academy👇🏾"
@livestream_genius,-1,,"monetisationyoutube",nano,"I run 14 successful YouTube channels. Sharing my knowledge here"
@clip.twitch.ftn,-1,,"monetisationyoutube",nano,"Aucune biographie pour le moment."
@yvesmartialofficiel,-1,,"monetisationyoutube",nano,"God first 🙏 🇨🇬📍🇲🇦 Founding President of the Sports Media : @Oneshort_MMA"
@cargo.ftb,-1,,"monetisationyoutube",nano,"@L’immigré parisien 💯
Humour / Réactions 🤣
👇 Yt / Insta"
@limmigreparisien,-1,contactprolip@gmail.com,"monetisationyoutube",nano,"Chaine youtube : L’immigré parisien (2M) / insta et snap : immigreparisien / Mail pro : contactprolip@gmail.com"
@pierre.money,-1,,"monetisationyoutube",nano,"🔥 Changer de vie grâce à Internet
📝 Inscris-toi à ma newsletter !"
@ametndaoytb,-1,,"monetisationyoutube",nano,"• Fondateur de @youmation_
•+4K€/mois à 17 ans.
• J'explique TOUT ici
Clique en bas 👇"
@victor_tiktokcash,-1,,"monetisationyoutube",nano,"Forma monétisation et compte monétisé juste ici🚨⬇️
Insta: victor_d78"
@ailuxuary,-1,,"monetisationyoutube",nano,"🚀 AI-Generated Luxury | Villas, Hotels & Yachts ✨ Follow for stunning designs!"
@sajani06.7,-1,,"monetisationyoutube",nano,"I make Brands & People GO VIRAL 🔥
🪝 30 HOOK-s FALAS 👇"
@tiktok.viral8858,-1,,"monetisationyoutube",nano,"Tu veux monétiser ton compte et percer sur TikTok ? 👇
🎥 IA + vidéos virales 📞WhatsApp +224 627547416
👇 La méthode complète ici👇"
@caryl_romanic,-1,,"monetisationyoutube",nano,"Je t'apprends à créer du contenu pro et faire un bon montage vidéo ! 📹🎥"
@savoir.de.l.arme,-1,,"monetisationyoutube",nano,"Ici tu en apprendras beaucoup sur l armée 👊
Alors abonne toi 🤝"
@mandy_ytbusiness,-1,,"monetisationyoutube",nano,"📈 Je gère un réseau de chaînes YouTube sans visage
⬇️ Lance ta chaîne YouTube automatisé
Envoie moi YT en DM
Rejoins moi sur insta 📈"
@kamarthiz0h,-1,,"monetisationyoutube",nano,"Abonne toi, ici on apprend à maîtriser l'intelligence artificielle 💵💵💵."
@bywineoff,-1,,"monetisationyoutube",nano,"⚠️Réseaux⚠️
↘️⬇️⬇️⬇️↙️"
@orpatchy,-1,hi@georgedun.net,"monetisationyoutube",nano,"👨🏻‍🦰 Homes and lifestyle with a side of cats
📍 Scotland
📩 hi@georgedun.net"
@monetizemojo.com,-1,,"monetisationyoutube",nano,"Discover if your YouTube channel is monetized in seconds with MonetizeMojo's."
@jadablue.designs,-1,,"monetisationyoutube",nano,"AI engineering 👩‍💻
Helping you turn AI into income
learn it or get left👀"
@ares.4k,-1,,"monetisationyoutube",nano,"⬇️ Youtube Shorts Discord ⬇️"
@_clip_farmer__,-1,,"monetisationyoutube",nano,"Rush to 1k follower🏆❤️"
@julienentreprend,-1,,"monetisationyoutube",nano,"-15% sur LegalPlace avec le code JULIENTIKTOK"
@diegocabreraclips,-1,,"monetisationyoutube",nano,"te ayudo a monetizar tus redes sociales y a crear contenido en ellas"
@fashiontie,-1,,"monetisationyoutube",nano,"Aucune biographie pour le moment."
@juanchivox,-1,,"monetisationyoutube",nano,"Creador de contenido de Ecuador 🇪🇨
Todas las guías y contenido completo aquí ⬇️⬇️⬇️⬇️"
@remakede5ny,-1,,"monetisationyoutube",nano,"Aucune biographie pour le moment."
@pierreeliott,-1,,"monetisationyoutube",nano,"Entrepreneur"
@missdarkito.ytb,-1,missdarkito@gmail.com,"monetisationyoutube",nano,"🤰🏻 Future maman d’une baby girl
🎀 YouTube : MissDarkito (59k)
🌷 Instagram : missdarkito (6k)
🩷 Collab : missdarkito@gmail.com"
@weaponsgeek,-1,,"monetisationyoutube",nano,"12 лет на Ютубе, 6 каналов, 1,7 млн подписчиков"
@react347live,-1,,"monetisationyoutube",nano,"🚨 2ème compte @Honnete.exe
Vidéos exclusives que tu n'aura pas ICI.
🎙️ Décryptages & Réactions de tout ce qui est VIRALE."
@la.t0ile,-1,,"monetisationyoutube",nano,"🎭 Le meilleur de l'humour YouTube
✨ Pépites oubliées & moments cultes
👇 Abonne-toi pour ta dose de rire quotidienne"
@kaelproduction_,-1,,"monetisationyoutube",nano,"J'aide les artistes et labels indépendants à développer leur audience sur Spotify grâce aux ads et au contenu organique.
Ta réduction DistroKid
👇🏾"
@elnereel,-1,,"monetisationyoutube",nano,"Elne Reel sur Spotify, YouTube, toutes les plateformes. FOLLOW ME"
@quentingrd,-1,quentingiraudstjacques@gmail.com,"monetisationyoutube",nano,"Compte Officiel
📍Poitiers
Contact : quentingiraudstjacques@gmail.com
⬇️ Chaîne youtube ⬇️"
@jordiyoutubeshorts,-1,,"monetisationyoutube",nano,"Documentando como paso de 0 a +5.000€/Mes con Shorts (sin humo) 💸👇"
@valentinchambraud,-1,,"monetisationyoutube",nano,"🟡Entrepreneur masqué
💡Astuces •💰Business •🥤Marketing
.
🐺 REJOINS LA MEUTE👇"
@malikhuzaifayoutube,-1,,"monetisationyoutube",nano,"👉Free YouTube Automation Classes😍
👉Join Whatsapp Group 👇"
@casstonic,-1,cassandreytb@outlook.fr,"monetisationyoutube",nano,"💌 cassandreytb@outlook.fr
-20% Cuure CASSANDRE4682"
@ytgold_sn,-1,,"monetisationyoutube",nano,"tu peux gagner des mois de travail avec cette méthode que j’utilise depuis le début ⬇️"
@motia_dorian_md,-1,,"monetisationyoutube",nano,"FORMATION : CRÉER DES HISTOIRES RÉALISTES ET VIRALES AVEC IA - 2026
👇🏽"
@yoan.affi,-1,,"monetisationyoutube",nano,"🎯 J'ai quitté mon job pour vivre de YouTube
📅 J'ai 6 mois pour y arriver 🚀"
@mandella_yt,-1,,"monetisationyoutube",nano,"tg: @mandella_tm

Мой телеграм-канал👇🏻"
@sachasoft,-1,,"youtubestrategie",nano,"Create viral content with SachaSoft.com"
@kieara.celina,-1,Kfrancisugc@gmail.com,"youtubestrategie",nano,"📍Vancouver ugc content creator 📸
UGC|Beauty|Lifestyle|🇬🇩
💌Kfrancisugc@gmail.com"
@bohdan.youtube,-1,bohdan.chernenko@outlook.com,"youtubestrategie",nano,"📚 Teaching About Youtube SEO
📩 bohdan.chernenko@outlook.com"
@natecurtiss_yt,-1,,"youtubestrategie",nano,"Viral genius
Work with me 👇"
@niyustudio,-1,,"youtubestrategie",nano,"Hi I’m Milan
Personality-Infused Strategy & Design For Women In The Online Space"
@theconnorclayton,-1,,"youtubestrategie",nano,"I help coaches & business owners transition to YouTube! 🎬"
@maryanndollars,-1,Maryannike74@gmail.com,"youtubestrategie",nano,"Sharing YouTube automation tips and AI tools.
Faceless content | Growth strategy |Systems
Documenting what works!

📧Maryannike74@gmail.com"
@highseasonco,-1,,"youtubestrategie",nano,"Helping businesses turn content into income with simple social media strategies + systems.

10+ years of global brand strategy
6M+ views on YT | ⬇️ Re"
@influencerkenny,-1,,"youtubestrategie",nano,"Influence | Inspire | Educate
Entrepreneurship Tips💡
Tech Tips💡"
@1of10media,-1,,"youtubestrategie",nano,"Generate viral YouTube videos with ai https://1of10.com/"
@lifeofriza,-1,,"youtubestrategie",nano,"🇵🇭🇨🇦
mostly on youtube"
@purposedbrandmanagement,-1,,"youtubestrategie",nano,"Personal Brand Strategist for Entrepreneurs💡Turn your personal brand into an asset
Clarity • Positioning • Monetization
1:1 help ⬇️"
@briannafornes_,-1,collaborate@briannafornes.com,"youtubestrategie",nano,"your go-to for everyday fashion & style
outfit inspo | try-on hauls | real reviews
💌collaborate@briannafornes.com"
@dombavaro,-1,,"youtubestrategie",nano,"Faceless YouTube Expert
AI Script Writing Expert
Step-by-Step Guide To Growing A Channel👇"
@shortswiki2,-1,,"youtubestrategie",nano,"🚀 Grow Fast With Shorts
AI Tools + Viral Strategies
Unlock the Full Method 👇"
@ricoincarnati,-1,,"youtubestrategie",nano,"Director of Social Media for @Mel Robbins
10+ Years helping 7-9-figure biz owners scale with organic content
You’re one video away
👇🏼 Work with me"
@youtubemstery,-1,,"youtubestrategie",nano,"helping you grow & monetize faceless YouTube channels 🎥
No face. No stress. Just results.
DM to get started 👇
Freelancer (EXPERT TEAM ) FIVERR"
@calebboxxofficial,-1,,"youtubestrategie",nano,"Made $3M+ with Faceless Ai YouTube Videos 💰 Get Free Masterclass👇"
@paularoloye,-1,paularoloye@gmail.com,"youtubestrategie",nano,"YouTube Growth Strategist ✅
1 Million Subscribers | 1.5 Billion Views (My Channel)
💌 paularoloye@gmail.com
Need my help? Click👇"
@hackeddonttrust,-1,,"youtubestrategie",nano,"Aucune biographie pour le moment."
@wandermintcreative,-1,,"youtubestrategie",nano,"Learn how to create an organic lead generating engine with YouTube videos."
@kaleb_viral,-1,,"youtubestrategie",nano,"I help creators & business owners grow fast & make $$ on YouTube 🔴📈
8+ Billion Views, 2 YouTube Plaques 🏆"
@brendangahan,-1,,"youtubestrategie",nano,"Founder of b2b/linkedin focused influencer marketing agency 👇"
@heycallum,-1,,"youtubestrategie",nano,"Daily tips for Entrepreneurs & Marketers 🔥
Watch the full podcast here👇"
@connorrrnewell,-1,,"youtubestrategie",nano,"🏠 Real estate marketing
🚀 Helping top producers scale their network using Instagram + Automations
🌲 Bend, OR"
@leaztequeoff,-1,lea@comtubrilles.com,"youtubestrategie",nano,"🐱🖥️👩🏻‍🏫
Pet-Sitting & Freelance
lea@comtubrilles.com"
@mcfolio,-1,,"youtubestrategie",nano,"Full time YouTube Visual Strategist, part time awesome guy"
@created.ai.videos,-1,,"youtubestrategie",nano,"DM for paid promotion
🙂😄"
@socialmasterclass,-1,,"youtubestrategie",nano,"💶 Ondernemen
🧠 Marketing
✍️ Branding
🤖 AI"
@cantona.agency,-1,,"youtubestrategie",nano,"Digital Marketing Agency
📍Amsterdam"
@comfortcreatorcollective,-1,,"youtubestrategie",nano,"We help short form creators make long form content on YouTube
🎥🧸🌈🪩🍿
work with us ↓"
@mindsetreflectionjournal,-1,,"youtubestrategie",nano,"Be a goldfish"
@aureliahoni,-1,,"youtubestrategie",nano,"YouTube Automation ✔️
TikTok Automation (Beginner Friendly)
Monetized in 2 weeks
Learn & earn fast
Dm me 0️⃣7️⃣0️⃣4️⃣9️⃣3️⃣8️⃣3️⃣8️⃣5️⃣0️⃣"
@lucascomvideo,-1,,"youtubestrategie",nano,"Explose la visibilité de ton business 🎬
Avec des vidéos simples à réaliser 🔥"
@smokeytube,-1,,"youtubestrategie",nano,"Www.SmokeyTube.com
Sign up on website for a FREE YouTube Masterclass Webinar!"
@strategieslive,-1,,"youtubestrategie",nano,"👉 Abonnez-vous au média des pros de la com' !"
@content.to.cashflow,-1,,"youtubestrategie",nano,"marketing, automation, and social media strategy to help you make money online ✨"
@pecach3,-1,,"youtubestrategie",nano,"Nous partageons avec vous du contenu en rapport avec le free-lancing ! 🥰👌"
@kylesulerud,-1,,"youtubestrategie",nano,"Aucune biographie pour le moment."
@felicialin.nl,-1,,"youtubestrategie",nano,"📈 Help jij mij naar de 15K?
👆🏻 Volg en groei
👩🏻‍🏫 Videomarketing expert"
@alericheck,-1,,"youtubestrategie",nano,"🚀 Video Ads Expert
📈 8-Figure Business Owner
Free Marketing + AI Newsletter ⬇️"
@dailyclips_333,-1,quicktrend.ger@gmail.com,"youtubestrategie",nano,"contact: quicktrend.ger@gmail.com"
@dagoodya,-1,,"youtubestrategie",nano,"."
@funnyclipmaestro,-1,,"youtubestrategie",nano,"🎥 Content Creator für die besten Clips🖤"
@bluediamond_podcastspace,-1,,"youtubestrategie",nano,"💎 Your ONE stop for the best podcast, news, and live video clips 💎"
@astoriacontent,-1,,"youtubestrategie",nano,"On aide les créateurs à poster plus de contenus ⚡️
Sans y passer plus de temps🚀"
@youtubestrategygrowth,-1,,"youtubestrategie",nano,"Aucune biographie pour le moment."
@raffitipod,-1,,"youtubestrategie",nano,"Check out the Raffiti Pod YouTube for in depth strategies on YouTube growth."
@youtubeseotips,-1,,"youtubestrategie",nano,"Jonas from FL | Helping creators grow on YouTube with smart SEO tips"
@livevideoschool,-1,,"youtubestrategie",nano,"🎯Helping Small YouTubers Grow Profitable Businesses 📈"
@argentenligne13,-1,,"youtubestrategie",nano,"comment gagner de l'argent en ligne avec ou son téléphone"
@leodigital00,-1,,"youtubestrategie",nano,"2ème compte
Compte principal : @Léo Solis
Tuto complet sur la vidéo épinglé"
@queentaybts,-1,,"youtubestrategie",nano,"digital marketing nerd

main @queentayshops
💌 queentaybusiness@gmail"
@thinkmediaofficial,-1,,"youtubestrategie",nano,"Join us for a YouTube Masterclass for FREE 👇"
@inceptionagencyfrance,-1,,"youtubestrategie",nano,"📀 11
✍️ Stratégies | Coaching | Formations
💌 Une sortie ? Lien sur notre bio"
@ytbelmont,-1,,"youtubestrategie",nano,"I help you grow on YouTube"
@quarter.elh,-1,quarter@expandia.io,"youtubestrategie",nano,"📩 quarter@expandia.io (ARPP)
🚀 Je t’aide à transformer tes abonnés en clients (+5K€) en 90 jours
👇 Rejoins ma communauté privée👇"
@milostrategy,-1,,"youtubestrategie",nano,"expert creator advice
2M subs on YT
👇 links to everything here!! 👇"
@redditaddic,-1,redditaddic@gmail.com,"youtubestrategie",nano,"Reddit Readouts
redditaddic@gmail.com"
@insidetheblanketfort,-1,,"youtubestrategie",nano,"gamer, reader, xfiles fan
YT: The Blanket Fort"
@maxime.astuces,-1,partenariat@maxime-astuces.fr,"youtubestrategie",nano,"Les meilleures astuces !
partenariat@maxime-astuces.fr
👇Plus d’astuces👇"
@dani.cinema,-1,dani.cinema@initcreator.com,"youtubestrategie",nano,"Fondateur - @Palmari Agency
📩 dani.cinema@initcreator.com
On recrute des monteurs vidéo ⤵️"
@creationsinguliere,-1,nolan.chretien@creationsinguliere.com,"youtubestrategie",nano,"🤝 Agence de vidéos verticales
👨‍💻 1er réseau de créateurs IA : +600k
📩 nolan.chretien@creationsinguliere.com
Rejoins-nous👇"
@papakej89,-1,,"youtubestrategie",nano,"Anecdotes et réactions d’un daron connecté
Stand upper
Psaumes 35 (Jesus Christ est mon sauveur)
👻 : Thajoka2007 🇨🇩☝️🐆"
@markostats,-1,,"youtubestrategie",nano,"This is Chicago: The Album"
@quotidienofficiel,-1,,"intelligenceartificielle",nano,"Compte TikTok officiel de Quotidien : l’émission présentée par Yann Barthès."
@super.star2163,-1,,"intelligenceartificielle",nano,"Aucune biographie pour le moment."
@maddieprice_backup,-1,,"intelligenceartificielle",nano,"lG: maddiepricelol"
@luca.creates.ai,-1,,"intelligenceartificielle",nano,"💰 | 20 • building income with AI creators
🤖 | Automation > Effort | I use Zorq AI
⬇️ | Learn how I make my videos look so realistic below..."
@chamoyalee2.0,-1,,"intelligenceartificielle",nano,"cuanta secundaria @chamoyalee"
@oficial_oliii,-1,,"intelligenceartificielle",nano,"@Soy_Oliiii🫦
𝙂𝙢𝙖𝙞𝙡: 𝙨𝙤𝙮𝙤𝙡𝙞𝙖𝙣𝙣𝙮𝙨𝙙𝙞𝙖𝙯18@𝙜𝙢𝙖𝙞𝙡.𝙘𝙤𝙢
Se una streamers aquí 👇"
@the.feedmedia,-1,,"intelligenceartificielle",nano,"Média d'influence & création de contenue

Une vision sur le divertissement 👁️"
@ejecentral,-1,,"intelligenceartificielle",nano,"El portal de noticias y análisis político de México."
@mageco_ai,-1,,"intelligenceartificielle",nano,"#AIGirls all the ways you can dream!
Join me on this wild adventure!"
@kilian.poulain,-1,,"intelligenceartificielle",nano,"📲 J’accompagne les solopreneurs à doubler leur CA, grâce à une stratégie de contenu boostée à l’IA !
🎁 Analyse offerte ↓"
@saratopo_,-1,contact@saratopo.com,"intelligenceartificielle",nano,"💁🏻‍♀️ Je partage mes tips pour créer du contenu
✉️ contact@saratopo.com"
@guillaumepley,-1,guillaumepleypro@gmail.com,"intelligenceartificielle",nano,"Comédien
Papa de Côme
Agent : @influx.crew
Business: guillaumepleypro@gmail.com
Legend Tour : www.legend-tour.fr"
@unefille.ia,-1,,"intelligenceartificielle",nano,"1 vidéo/jour sur l'intelligence artificielle
🔴 Actus, Tutos, Outils IA 🔴
Ambassadrice Jedha AI School
Ressources gratuites ⤵️"
@laminuteactu.tv,-1,,"intelligenceartificielle",nano,"L'actualité en 60 secondes"
@etreetudiant,-1,,"intelligenceartificielle",nano,"Abonne-toi, on te fera survivre à tes études 💪"
@rekt2richez,-1,,"intelligenceartificielle",nano,"AI is printing money… are you watching or using it?🤖 Real Assets + AI Strategy (step-by-step)👇 Learn how I’m doing it

https://linktr.ee/rekt2richez"
@rawi800,-1,,"intelligenceartificielle",nano,"Aucune biographie pour le moment."
@tg1rai,-1,,"intelligenceartificielle",nano,"Segui il primo Telegiornale d’Italia"
@leo69k_mcomp,-1,,"intelligenceartificielle",nano,"Aucune biographie pour le moment."
@apobai.latino,-1,,"intelligenceartificielle",nano,"🤖 Crea influencers virtuales con IA
✨ Genera contenido profesional en segundos
🎁 80 créditos gratis al registrarte
👇 Empieza ahora"
@asorata_official,-1,,"intelligenceartificielle",nano,"ASoraTa non è un account, ma un esperienza da vivere! Vabbè, poche ciance più video va…
Anche su Instagram"
@ridrolade,-1,,"intelligenceartificielle",nano,""
@pequitas_entretener,-1,,"intelligenceartificielle",nano,"🇨🇴 Frases y reflexiones ✨ humor ✨ música ✨ Efectos de la IA ✨ Filtros🇨🇴✨ CapCut"
@ivolga2027,-1,,"intelligenceartificielle",nano,"Welcome,I am glad to everyone who uses my effect's,go to the effect's section.⬇️🌠"
@lestrepublicain,-1,,"intelligenceartificielle",nano,"L'actu dans ta poche, depuis la Lorraine et la Franche-Comté"
@gechdrs,-1,,"intelligenceartificielle",nano,"Abonne toi pour plus de vidéo 🤪"
@grd.14,-1,,"intelligenceartificielle",nano,"🇨🇩
10K ?
IG : grdy.09"
@ai.movement1,-1,,"intelligenceartificielle",nano,"Innovate. Create. Inspire"
@comewizus,-1,,"intelligenceartificielle",nano,"⚙️ J'automatise le business des entrepreneurs avec des outils customs
je donne encore plus d'astuces sur insta @wissamdarsouni"
@ia_folle2fou,-1,,"intelligenceartificielle",nano,"Juste un compte qui poste des vidéos générées par l'ia"
@policenationale,-1,,"intelligenceartificielle",nano,"En cas d’urgence 📲 le 17 ou le 112.
Nouvelle série crime sur notre chaîne YT"
@karnabita7,-1,,"intelligenceartificielle",nano,"iconic Clips EveryDay 🇺🇲
Follow us For More"
@tf1plus,-1,,"intelligenceartificielle",nano,"400 séries, 200 films, 200 divertissements… 0€ !
Qui dit mieux ? 🤩"
@matheusgen,-1,contact@matheusgen.com,"intelligenceartificielle",nano,"data science & ml
rendre l'ia accessible à tous

📩 contact@matheusgen.com"
@lagoss94,-1,,"intelligenceartificielle",nano,"Aucune biographie pour le moment."
@clip_ytp_off,-1,,"intelligenceartificielle",nano,"Aucune biographie pour le moment."
@centraldeprompts,-1,,"intelligenceartificielle",nano,"Fotos IA realistas de lifestyle
🚗Luxo • Viagem • Status
💸Prompts R$1,50
😜Garanta sua foto"
@chicara62,-1,,"intelligenceartificielle",nano,"Aucune biographie pour le moment."
@alx.bizz,-1,,"intelligenceartificielle",nano,"• J'utilise Higgsfield.ai
• Ambassadeur de AIDA

• Maitrise toutes les facettes de l'IA ici ⤵️"
@bosek.ke,-1,,"intelligenceartificielle",nano,"TikTok Growth Strategies
0→350K+ Followers
Growth eBook
DM/WhatsApp+254723315344"
@lenouveaudetective,-1,,"intelligenceartificielle",nano,"🚨 Face au crime, la meilleure défense est l’information !"
@tainfulence,-1,,"intelligenceartificielle",nano,"Aucune biographie pour le moment."
@lucadigit,-1,,"intelligenceartificielle",nano,"Je crée des avatars IA ultra réalistes et je les monétises avec des produits digitaux.
💻 Insta : Luca.digit
👇🏼Lance ton premier influenceur IA en 2"
@alexandre.cartigny,-1,,"intelligenceartificielle",nano,"Observateur du monde, passionné par les médias et la géopolitique 🌍

https://linktr.ee/alexandre.cartigny"
@leasalame,-1,,"intelligenceartificielle",nano,"JT de 20h et Quelle Époque! sur France 2"
@finnyzyy0,-1,,"intelligenceartificielle",nano,""
@lumia.ai.girl,-1,,"intelligenceartificielle",nano,"Download Lumia and never feel alone again 💕"
@maksgirls_ai,-1,,"intelligenceartificielle",nano,"Создаю красоту с помощью Ai."
@aiteasyuk1,-1,,"intelligenceartificielle",nano,"Artificial Intelligence
Technology
Robotics"
@cocoa.iacreatorstudio,-1,,"intelligenceartificielle",nano,"✨ Transforme l’IA en business
⚜️ Fondatrice de IA Creators Studio
💶 70 % d’affiliation
🇫🇷 Formation 100 % en français
💎 Accompagnement premium"
@jp.prompts.ai,-1,,"intelligenceartificielle",nano,"Ai generation content 👨🏻‍💻
Dm for collaboration
Affiliate marketing"
@ladymithasmile,-1,,"intelligenceartificielle",nano,"Per noi giovani di ieri...... 🎼
Eccomi qua e....🎶 🎶 🎶
...parliamone....di emozioni !!!"
@francescocaiola0,-1,,"intelligenceartificielle",nano,"Aucune biographie pour le moment."
@frutas.ia__,-1,,"intelligenceartificielle",nano,"Crio vídeos IA! Você escolhe cenário, estilo e detalhes. Conteúdo profissional e personalizado. Me chame no direct!"
@izcelibitry,-1,,"intelligenceartificielle",nano,"Aucune biographie pour le moment."
@qantikstudio,-1,,"intelligenceartificielle",nano,"🤖 Tech, IA & Pop Culture
👁️ On décrypte l'envers du décor.
🚨 Abonne-toi pour la vérité."
@punchd4m0nk3y,-1,,"intelligenceartificielle",nano,"🖤Ai Generated Art🖤
💛Cute, Scary & Weird Acts💛
Please Follow For More
🐱"
@honey.ia.studio,-1,,"intelligenceartificielle",nano,"AGENCY MARKETING 100% IA✨

L’IA au service ta marque
Branding • webdesign • formation"
@doctor.anesthesia,-1,le.medecin.anesthesiste@laperledigitale.fr,"intelligenceartificielle",nano,"Médecin anesthésiste réanimateur
📩: le.medecin.anesthesiste@laperledigitale.fr"
@the.dangersense,-1,,"intelligenceartificielle",nano,"Visuals that make you impossible to ignore 👁️
For serious artists & brands 🎯
Not content. Positioning. ⚡
Entry concept from $99 — DM 'VISUAL' 📩"
@lilyrose.ai,-1,,"intelligenceartificielle",nano,"AI Influencer 🤍 | Not a real person
AI-generated content ✨"
@didier.tv38,-1,,"intelligenceartificielle",nano,"Entertainment with AI (I make my vids with Arcads AI)
Earn 25% commission + helps track conversions for Arcads 👇
https://arcads.ai/?via=kelechi"
@legend,-1,,"intelligenceartificielle",nano,"Racontez la vôtre.
Agent : @influx.crew
Retrouvez-nous sur tous les réseaux 👇🏻"
@viralvibes.ia,-1,viralvibesia@gmail.com,"intelligenceartificielle",nano,"🤣 Vibes only & chaos viral
📲 Abonne toi pour plus de contenus
💼 Business & collaborations
📩 viralvibesia@gmail.com"
@iamsammieai,-1,collabs-iamsammieai@outlook.com,"intelligenceartificielle",nano,"Want to learn how to make Ai?DM MUSE'
IG:@Iamsammieai💌
💌collabs-iamsammieai@outlook.com
UGC CREATOR✨
START HERE⬇️"
@higgsfield_ai,-1,,"intelligenceartificielle",nano,""
@imad_dlih61,-1,,"intelligenceartificielle",nano,"صانع محتوى منوع جزائري و عالمي 🇩🇿🌏"
@user715513375906,-1,,"intelligenceartificielle",nano,"Aucune biographie pour le moment."
@babyboss.ia4,-1,,"intelligenceartificielle",nano,"💎apprend à faire comme moi de l'argent grâce à l'IA💶"
@mesinfos.fr,-1,,"intelligenceartificielle",nano,"mesinfos , au cœur de ce qui vous importe"
@elyria341,-1,,"intelligenceartificielle",nano,"'Bienvenue dans mon petit chaos organisé ☕'"
@aram.naraa,-1,,"intelligenceartificielle",nano,"Entrepreneuse | créatrice de contenu | CM

Perso Ig:@arameboyee &
business ig :@nara.shots
Viens voir my lifestyle ✨🙃"
@oscar.ia4,-1,,"intelligenceartificielle",nano,"mon autre compte : @oscar
comment je fais ( tuto ) : ⬇️
https://beacons.ai/oscaria5"
@scarysnacke2,-1,,"intelligenceartificielle",nano,"AI that should never exist.
Scary stories created with Sora AI.
Follow if you dare 👁🤖"
@spottheai.game,-1,,"intelligenceartificielle",nano,"🤖 vs 📸 | Peux-tu deviner ? | Score ton résultat 👇"
@skyvisionaviation,-1,,"intelligenceartificielle",nano,"The beauty of aviation through every flight 🌍✈️ | #SkyVisionAviation"
@lafouineusedigitale,-1,,"intelligenceartificielle",nano,"J’explore l’IA & le business web
Lance enfin ton business avec l'IA"
@stkkl7,-1,,"intelligenceartificielle",nano,"Teamwork‼️🙏🏼
10k⁉️"
@cloneaiapp,-1,,"intelligenceartificielle",nano,"Bringing your craziest AI dreams to life🤖✨
Download on App store & Play Store🫶"
@leodeep,-1,leodeep.contact@gmail.com,"intelligenceartificielle",nano,"Astuces & Outils sur l'IA

Utilise l'IA pour créer un business 👀

leodeep.contact@gmail.com"
@karlcomont,-1,,"intelligenceartificielle",nano,"état d’esprit, rires, passions et coup de cœur 💥
Insta : Karlito.pronos"
@leplusbeaudefrance2,-1,,"intelligenceartificielle",nano,"La Bretagne mon pays je t'aime
Le plus beau de la Bretagne"
@ai.fulltime,-1,,"intelligenceartificielle",nano,"All what u see is ai"
@aura.vibes25,-1,,"intelligenceartificielle",nano,"Aucune biographie pour le moment."
@z1000k_ai,-1,deepdish22@gmail.com,"intelligenceartificielle",nano,"'Create freely upon your imagination'
--One takes ai videos--
contact info: deepdish22@gmail.com"
@cocodirasta27,-1,,"chatgptfrancais",nano,"abonnes toi si tu aimes ❤️"
@kaislegg1,-1,m23800572@gmail.com,"chatgptfrancais",nano,"Collab 📩 : m23800572@gmail.com
Youtube : kais_edits
Objectif 10K 📈"
@alvoc,-1,,"chatgptfrancais",nano,"Acteur des micro-tensions humaines.
Films courts.
Je montre ce que vous cachez."
@ninadiggital,-1,,"chatgptfrancais",nano,"📈Je t'aide à développer ton audience sur Instagram pour vivre de ton business
🔥Attire ta cible grâce à ton contenu
✉️Obtiens ma méthode 👇🏻"
@bisonravi1987,-1,,"chatgptfrancais",nano,"J'écris des textes qui se transforme en musique . Bonne écoute"
@alxcxa.26,-1,,"chatgptfrancais",nano,"👻: alxcxa.26
25 y🌺"
@mariezoubix,-1,,"chatgptfrancais",nano,"Bienvenue dans mes 14 personnalités 🫶🏻
Gym girl version douloureuse
endo + spondy🎗️
Abonnez-vous pour du contenu bancal mais sincère 🌼"
@vorsyy93,-1,,"chatgptfrancais",nano,"Que du ragebait ici
06 🇲🇦
11 📍
Objectifs 10k ?"
@madj.cc,-1,,"chatgptfrancais",nano,"main acc: @madj
edit on capcut pc
french"
@misterneilyt,-1,neil.contact00@gmail.com,"chatgptfrancais",nano,"Youtube: Mister Neil
Contact Pro 💻: neil.contact00@gmail.com"
@outil.ia,-1,,"chatgptfrancais",nano,"Formateur ChatGPT
Newsletter IA → +12’000 inscrits
👇"
@marone_01_,-1,,"chatgptfrancais",nano,"Aucune biographie pour le moment."
@laurakane_83,-1,,"chatgptfrancais",nano,"Maman x4 | Twins mom 👶👶
Lifestyle • famille • quotidien réel 🤍
Sud 🇫🇷 | Créatrice de contenu
🇮🇹🇪🇸
Insta : lauramontana_83"
@mimsss45776,-1,,"chatgptfrancais",nano,"salut cv si cv tant mieux✨☺️
mon objectif c'est avoir 50 abonnés pour faire des live abonne toi svp"
@sandy_digit,-1,,"chatgptfrancais",nano,"J’ai mis 3 ans avant de me lancer et au final..
J’ai quitté mon CDI en 3 mois. ✨
+1000 personnes accompagnées. 🤍
I g : Sandy_bourgoin. ✉️
Tes accès s"
@loupilou.ambrito,-1,,"chatgptfrancais",nano,"On s'est d'abord croisées au taf... maintenant on partage des pornstars ☀️"
@c4rdiac3,-1,,"chatgptfrancais",nano,"Je te raconte pas que des histoires ici alors n'hésite pas à t'abonner pour plus de contenu !"
@ninon.ia,-1,,"chatgptfrancais",nano,"Je décrypte l'IA et t'aide à l'utiliser 🧚🏻‍♀️"
@juliette.area.3,-1,,"chatgptfrancais",nano,"333"
@digitalmarketingbyoc,-1,,"chatgptfrancais",nano,"Nouveau compte 👉🏻 @Océ&Clem📲| Digital Marketing"
@htag_s,-1,,"chatgptfrancais",nano,"donne stage"
@cupabilise,-1,,"chatgptfrancais",nano,"Lvrt mon profil est dégeulasse HELP"
@malex2.7,-1,,"chatgptfrancais",nano,"Aucune biographie pour le moment."
@juliiie.v,-1,,"chatgptfrancais",nano,"PROJET PROFESSIONNEL EN COURS...
Partage 🌸
Actrice de ma vie 🎬
ONE LIFE☀️
2ème chaîne tiktok ➡️ @Jusun ✨"
@_lina_2812_,-1,,"chatgptfrancais",nano,"pourquoi tu piste???"
@maarine.cm,-1,,"chatgptfrancais",nano,"Ig : @ellee.digital"
@romainai,-1,,"chatgptfrancais",nano,"Du contenu actionnable pour devenir 1% meilleur chaque jour."
@ray0865567,-1,,"chatgptfrancais",nano,"Aucune biographie pour le moment."
@natha_nael_r,-1,natha444nael@gmail.com,"chatgptfrancais",nano,"natha444nael@gmail.com

Le podcast : La dame du CDI
Le roman : L'autre côté de la montagne
Insta : natha_nael_r"
@histoire.__fr,-1,,"chatgptfrancais",nano,"Histoires//drama
Mets un petit cœur 😉"
@apo__08,-1,,"chatgptfrancais",nano,"strasbourg"
@nisrinee.ns,-1,,"chatgptfrancais",nano,"@CrocsDeLuxee60
👻 : nisrinee.ns
❤️🇵🇸"
@ines96ad,-1,,"chatgptfrancais",nano,"Just living my story ♡
Little moments everyday 🤍"
@strangeartefacts,-1,,"chatgptfrancais",nano,"Parfois l'IA dépasse la fiction 🤖"
@lili.chatel,-1,,"chatgptfrancais",nano,"Our furry babies, my boyfriend and I."
@starcat100,-1,,"chatgptfrancais",nano,"Oui je fais beaucoup de tiktoks

⭐️🍉"
@pamelaboostdigital,-1,,"chatgptfrancais",nano,"✨ Ex-femme sous emprise → libre & indépendante
💻 J'aide les femmes à créer leurs revenus en ligne
👇 Ton guide GRATUIT t'attend"
@kenivvvxxx,-1,,"chatgptfrancais",nano,"L'actu du compte : j'ai passé mon permis pour la 3ème fois 🚗🪪

Faut persévérer 👍"
@corentin_flo,-1,,"chatgptfrancais",nano,"En couple le 25.01.26 💍❤️
@julienlea09 mon père ❤️🫶
@Inès 💍🇵🇹 ma femme 💍❤️"
@les_memes_francais_,-1,,"chatgptfrancais",nano,"Des memes à gogo 😌🇫🇷
• ABONNE TOI ! •"
@borntobecm,-1,,"chatgptfrancais",nano,"Rejoins l'équipe Devenir CM ⬇️"
@fruitlife5,-1,,"chatgptfrancais",nano,"les fruit sont les roi"
@tvtachi,-1,,"chatgptfrancais",nano,"Ça parle de tout aussi sur YouTube ! ⬇️⬇️⬇️
https://youtube.com/@tvtachi"
@.blrd_nina,-1,,"chatgptfrancais",nano,"Aucune biographie pour le moment."
@sylishhzjz,-1,,"chatgptfrancais",nano,"Aucune biographie pour le moment."
@viral_video274,-1,,"chatgptfrancais",nano,"Aucune biographie pour le moment."
@rapfr216,-1,,"chatgptfrancais",nano,"Abonne toi je rends"
@chatgpt,-1,,"chatgptfrancais",nano,"What can I help you with?"
@nahnouz,-1,,"chatgptfrancais",nano,"Passé en cendres, futur en feu. 🔥 Ex-anorexique, future autrice."
@the_mask1301,-1,,"chatgptfrancais",nano,"- 🟡 🇲🇦 ⵣ
- 🟢 Une vidéo = Un Fou Rire 😂
- 🟡ABONNEZ-VOUS 😎"
@tavie_en_francais,-1,,"chatgptfrancais",nano,"🟦 🟥 french & Culture 🥐🍷
learn french with me :
www.tavieenfrancais.com"
@punchbot,-1,,"chatgptfrancais",nano,"Aucune biographie pour le moment."
@c_alexiia,-1,,"chatgptfrancais",nano,"Insta : Alexiapepette"
@j_.t06,-1,,"chatgptfrancais",nano,"0 prise de tête | outfits & good vibes ✨

Insta: j_.t06"
@hotel_mysterio,-1,,"chatgptfrancais",nano,"Ici on parle des hôtels les plus insolites, fou et luxueux 🏨"
@bahjambfje2,-1,,"chatgptfrancais",nano,"Juste pour te faire marrer, ou pas 😂"
@starships_nm5,-1,,"chatgptfrancais",nano,"🤘🤘🤘"
@lurrggar,-1,,"chatgptfrancais",nano,"Tiktokeur à ses heures perdus."
@jltomy,-1,contact@jltomy.com,"chatgptfrancais",nano,"Je sais pas ce que je fous là / contact@jltomy.com"
@floriantrondle,-1,,"chatgptfrancais",nano,"3X champion Bourgogne 🏆
Ici pour parler de moto
Même vibe sur Instagram ⬇️"
@.legitime,-1,,"chatgptfrancais",nano,"╰ · ' C.E.O '
╰ · Services & business
╰ · MP = BUSINESS
╰ · MI FAMILIA"
@uzerr.saraa,-1,,"chatgptfrancais",nano,"Abonné-vous WSH🫩🫩
On attend les 1k 😎
Pour vous faire des pubs venez DM✌🏾
⚠️être abonné⚠️"
@andoly_,-1,doulboyrama@gmail.com,"chatgptfrancais",nano,"📩: doulboyrama@gmail.com"
@loladubinicestmoi,-1,,"chatgptfrancais",nano,"🦒Chanteuse / Comédienne
Et t’as pu me voir sur YouTube 👀
FANTÔMES : DISPO👻"
@nathalpha1,-1,,"chatgptfrancais",nano,"Aucune biographie pour le moment."
@mmjd38,-1,,"chatgptfrancais",nano,"🖤🪨"
@sadalar_,-1,,"chatgptfrancais",nano,"🎮 Papa gamer — RPG & jeux d’aventure
Je joue quand j’ai le temps
📺 Twitch : Sadalar_"
@emma.studytips,-1,,"chatgptfrancais",nano,"💁🏼‍♀️ Dernière année de master 🙌🏼
🎓 J'apprends avec : www.retain.cards"
@user829266929377,-1,,"chatgptfrancais",nano,"pour vos repu"
@jeaannee,-1,,"chatgptfrancais",nano,"Compte officiel
Ig: je4n.nee
Collab in dm
🌶️🪭🐆"
@s.iaa8,-1,,"chatgptfrancais",nano,"@bpk_lza 𓊆ྀི❤︎𓊇ྀི
2eme compte@𝗌𝗆’"
@t2klm972,-1,,"chatgptfrancais",nano,"https://discord.gg/mFXuAv8ty"
@ii.djg,-1,,"chatgptfrancais",nano,"peace 🎀🍒"
@talya..94,-1,talya.ld94@gmail.com,"chatgptfrancais",nano,"🇨🇴🇮🇹
📸: Talya..94
📩: talya.ld94@gmail.com"
@kity_cath,-1,,"chatgptfrancais",nano,"Kind ppl are my kinda ppl 💕✨
Becoming an UGC creator 💁🏾‍♀️
📍Brussels
📸 : @kiiitycathy"
@chgxtcuvu,-1,,"chatgptfrancais",nano,"✧･ﾟ: *✧･ﾟ:*"
@_ecurie,-1,,"chatgptfrancais",nano,"▪️Grünt du pauvre / Colors sans les couleurs▪️
Contact collaboration : email"
@milaa.blz,-1,,"chatgptfrancais",nano,"💕💕

arrêtez de me spam en dm pour l'outil gratuit d'entraînement à l'oral du bac français le nom c'est eloqo.fr 🙏🙏"
@syca_2.0,-1,,"chatgptfrancais",nano,"🤗 La vraie vie en vrac
👑 Look simples & comfy (👟 only)
🦴 Spondygirl en rééquilibrage 🥞
💛 Blogueuse beauté depuis 2013
📍 PACA"
@killian.crev3l,-1,,"chatgptfrancais",nano,"🎉: 21 years.
🏠: 🇫🇷"
@lordslatt7,-1,,"chatgptfrancais",nano,"93,4K/100K🌍🎯
Que du réel ici🔥
100k de goats ?"
@1.0.lilly.rosette.1.3,-1,,"chatgptfrancais",nano,"Coucou !! Ici c'est que de la bienveillance et en cas de besoins n'hésitez pas !"
@alexspam92i,-1,,"chatgptfrancais",nano,"Compte principal @AlexBN
Mon insta : Alexbnl_"
@humour2troubadour,-1,,"chatgptfrancais",nano,"mes qualités humm
-drole
-'constant'
-a un trai bont aurtorgraf
-et puis je sais pas abonne toi"
@kateryna_teacher,-1,,"chatgptfrancais",nano,"🇫🇷Языковой наставник всех иммигрантов
📎 Подготовка к DELF, DALF, TCF"
@lamasqu3,-1,,"chatgptfrancais",nano,"pour vos republications 🦂
12k ??
👻: lmcp_30
ig: la.masqu3e"
@g2b37z,-1,,"chatgptfrancais",nano,"M.A.V👤👁️
1600??
Code:G2B10🎁❤️"
@moustadz,-1,,"chatgptfrancais",nano,"Les amis fidèles"
@jonny.owen7,-1,,"iacontenu",nano,"Aucune biographie pour le moment."
@lumegpt,-1,vichi977@gmail.com,"iacontenu",nano,"🤖 AI Visual Creator 🚀
🤝 Collab & Business Inquiries
👇 Scrivimi in DM o via Email
📧 vichi977@gmail.com"
@killian_889,-1,,"iacontenu",nano,"Inst:killian_889
Snap:t_e083
Je sais que tu regardes mes vidéos sans t'abonner abonne toi"
@httpswww.youtube.comtimi,-1,,"iacontenu",nano,"Please follow this account 1k followers 🙏"
@adary7733,-1,,"iacontenu",nano,"Aucune biographie pour le moment."
@henriexploria,-1,,"iacontenu",nano,"🔮 Je transforme ton entreprise grâce à l'IA (+65 clients) ou je t'apprends à le faire pour générer des revenus"
@milliardaire.souleyman,-1,,"iacontenu",nano,"je m'appelle souleyman gambo camerounais j'ai 22 Ans je réside en Italie 🇮🇹"
@natsuuchiwa4,-1,,"iacontenu",nano,"Je rend à tous de qui s’abonne à moi"
@itslinaveria,-1,,"iacontenu",nano,"22 | small town gamer girl 🕹️"
@history.fv,-1,,"iacontenu",nano,"Abonne toi✅On aborde tout les sujets SENSIBLE
👮‍♂️Enquête,Action,SECRET,Réalité"
@le_progres_,-1,,"iacontenu",nano,"Compte officiel du journal Le Progrès
📍 Lyon
⚡️ Infos et reportages"
@davynimal,-1,davynimal@laposte.net,"iacontenu",nano,"Humour 2d degré / IA / Parodie politique
🐾
CONTACT : davynimal@laposte.net"
@iamsophierobert,-1,,"iacontenu",nano,"👩🏻‍🏫 BrandShipping Academy
↓ Lance ton business rentable en BrandShipping en moins de 90 jours ✨"
@vimake6,-1,,"iacontenu",nano,"Aucune biographie pour le moment."
@zyroai7,-1,,"iacontenu",nano,"IA → Fakeme.fr
10k€ généré en 2 mois avec l'ia
Je répond ici -> Ig : Zyro.ia7
Vidéo explicative ici 👇"
@eloiljf,-1,eloiljf@promote.sh,"iacontenu",nano,"Des outils d'intelligence artificiel tout les jours

📧 : eloiljf@promote.sh"
@omg.fit,-1,,"iacontenu",nano,"Vivez malins gagnez du temps 🤩
Abonne toi sur mon compte YouTube de nouvelles astuces arrivent très bientôt ❤️
https://youtube.com/@oggpm6x?si=KJIl1u"
@max.digital95,-1,,"iacontenu",nano,"⚡Le digital peut changer ta vie
📚Ebooks rentables & contenus IA
📲 Apprends à vendre en ligne Contactez-moi sur WhatsApp pour plus d'informations+261"
@socialart.ai,-1,,"iacontenu",nano,"This AI influencer is taking over 🚀
Brands are already using this 👀
👇 Create your own here 👇"
@graceekitoko,-1,gracekitoko.pro@gmail.com,"iacontenu",nano,"Mes beautés 🥺❤️
📍Paris | Lyon
Beauty | Fashion | Lifestyle
📩 gracekitoko.pro@gmail.com
Insta / Snap : graceekitoko"
@alysonsavastano,-1,,"iacontenu",nano,"Maman
☀️"
@amara_faceo,-1,,"iacontenu",nano,"Ton business mérite d'être vu
Même sans te filmer."
@qs_seo,-1,,"iacontenu",nano,"🏆 +5 Millions de Clics SEO qualifiés en 1 an
👇 On fait pareil ensemble ?"
@jucilenebarbosa1972,-1,,"iacontenu",nano,"https:// www.influenciadormagalu.com/magaleneju
Postando vídeos e efeitos do tiktok com inteligência Artificial. Tentando viralizar aqui.
@Jucilenebar"
@magneticallyfaceless,-1,,"iacontenu",nano,"💰Helping women build online wealth faceless
🫣Al influencer
🤍 IG: Magnetically.faceless
👇🏽 Start here"
@usersong533,-1,,"iacontenu",nano,"Aucune biographie pour le moment."
@chloebrandhub,-1,,"iacontenu",nano,"AI Influencer & Personal Brand💗
Helping women & beginners build faceless income with AI & digital marketing - remote💻
That-girl energy🤍"
@maelineinspire,-1,,"iacontenu",nano,"Création digitale & avatar IA
mon Instagram (Maeline_inspire)"
@titione0470,-1,,"iacontenu",nano,"😇 conscience réflexion 😇
🌑 animaux totem 🌕
🕊 gribouilles 🕊"
@raphpautard,-1,,"iacontenu",nano,"Crypto, Finance et Entrepreneuriat
Instagram : @raphpautard
X : Pautardr"
@ulyces.co,-1,studio@ulyces.co,"iacontenu",nano,"Le meilleur et le pire d’internet.
Tous les jours on scrolle à votre place 🫡
Collabs : studio@ulyces.co"
@rudy.ia,-1,,"iacontenu",nano,"Compte créations : @Rudy | IA
Je t’apprends à créer du contenu IA
Et à le monétiser

🎓 Accès à mon école IA ↓"
@vexub_fr,-1,,"iacontenu",nano,"Transformez vos idées en vidéos d'IA en un rien de temps 🤖"
@aibizarrely,-1,,"iacontenu",nano,"I make videos that look real.....but aren't 👀"
@joruvy_crea,-1,victoireruth30@gmail.com,"iacontenu",nano,"• CRÉATRICE DE CONTENU | CM
• VIDÉASTE MOBILE | UGC
collab: 05 66 24 46 92
📩victoireruth30@gmail.com"
@synty01,-1,,"iacontenu",nano,"🌸Femme forte. Féminine. Inarrêtable
🎥 Motivation | Élégance | Ambition
👗Tenues cousues pour femme
🎁Paniers cadeaux élégants
📲Commande WhatsApp 📱"
@chroniktok111,-1,,"iacontenu",nano,"Retrouvez ici toutes les dernières vidéos du moment"
@createlab.app,-1,,"iacontenu",nano,"L’IA qui te livre une formation vidéo prête à monétiser
Accèdes à CreateLab et génères tes premiers revenus ↓"
@jobia58,-1,,"iacontenu",nano,"Je fais des photos et vidéos ai, hésite ps à t'abonner"
@coachcontent7,-1,,"iacontenu",nano,"CoachContent - Génére t’es posts en quelques minutes
Essaie gratuitement 👇👇
Instagram: Coach_Contentpro"
@toonstory.fr,-1,,"iacontenu",nano,"Trahisons, Glow Ups et Revanches. 🎬
La vie secrète de ce qui t'entoure.
ToonStory : Le drama commence ici."
@loic_cnn,-1,,"iacontenu",nano,"Membre du OpenAI Forum France 🇫🇷
• Gagne 5h par semaine grâce à l’IA
• 1500 personnes formées
↓ Besoin d’une formation IA ↓"
@lunedouce33,-1,,"iacontenu",nano,"Je peux t’aider à attirer des clients 💸
Avec du contenu IA sans montrer ton visage
DM (GO)👇"
@sakina.blooming,-1,,"iacontenu",nano,"🪷 Accompagnement émotionnel, spirituel & business digital
Pour les femmes ambitieuses en quête de paix intérieure, de guérison & de liberté🔑"
@cttoulay78,-1,,"iacontenu",nano,"US-882"
@la.creme225,-1,,"iacontenu",nano,"Je crée un univers grâce à l’IA.
Je crée mon entreprise et je deviens indépendant. Tu veux faire comme moi ?👇 ⭕️

🔗https://tr.ee/sYepyf"
@bonnieclass,-1,,"iacontenu",nano,"Aucune biographie pour le moment."
@ai.creator.ksu,-1,,"iacontenu",nano,"AI Creator | Ksu 🦾
Visuals for brands 🎞️ | UA 🇺🇦& EU 🇪🇺
Creating the future for your business 💎
📩 DM for collab
Instagram @ai.creator_content"
@mayaalbertini_,-1,,"iacontenu",nano,"Je crée des systèmes de communication. 🔬 Grâce au labo du chaos, je teste les réseaux avec uniquement des données, pas d'opinions.
📍Montpellier"
@media.makemoney,-1,,"iacontenu",nano,"Objectif 10k les amis"
@womanai,-1,,"iacontenu",nano,"Je raconte comment j’utilise l’IA générative pour créer du contenu,
entreprendre et avancer dans ma vie de femme ambitieuse, sans m’épuiser."
@boss.k.k2,-1,,"iacontenu",nano,"team Yoyo. contacter moi sur 71 € 08 € 55 € 90 ou bien sur 79 € 90 € 83 € 10 je suis toujours disponible pour vos services........"
@sergei.acadmie,-1,,"iacontenu",nano,"🎬 Je crée des vidéos IA bluffante réalistes .
🛠️ j'utilise des Outils 100% GRATUITS
👇 Ma formation complète (10$) ici
👇👇👇👇👇"
@amine.slprotocole,-1,,"iacontenu",nano,"🧠 Branding et contenu visuel IA
🤝 J’aide les marques à gagner en visibilité grâce à du contenu visuel IA créatif
Instagram : Amine.slprotocole"
@hopla.app,-1,,"iacontenu",nano,"Le marketing local automatisé 🤖
Posts, idées & visibilité pour commerces 🇧🇪
Libérez du temps. Restez visibles."
@fontaine.digital.mp4,-1,,"iacontenu",nano,"° 0€ a 2000€ 💵
° insta : fontaine.bsns
° pour te lancer 👇"
@kkkkkkkelss.finds0,-1,,"creationdecontenu",nano,"🩰🧸"
@kirxdiaz,-1,hello@kirxdiaz.com,"creationdecontenu",nano,"📍los angeles, ca

hello@kirxdiaz.com"
@estaslife,-1,esthermmedina03@gmail.com,"creationdecontenu",nano,"fashion fun
_esthermedina on ig
💌esthermmedina03@gmail.com"
@ebdigitalnomades,-1,,"creationdecontenu",nano,"❌PAS DE DÉMARCHAGES
✨+130 entrepreneurs accompagnés
IG @ebdigital.official
📚 Notre 'GUIDE GRATUIT' pour tout comprendre disponible sur notre IG 🫶🏽"
@ugc.withrach,-1,hello@ugcwithrach.com,"creationdecontenu",nano,"teaching UGC creators how to attract inbound brand deals
collab: hello@ugcwithrach.com
Inbound UGC Method👇🏼"
@epdtravels,-1,,"creationdecontenu",nano,"hi im charlie!
EatPrayDong on IG
Probably at the beach or crocheting"
@ys.growth,-1,,"creationdecontenu",nano,"J'aide créateurs à amplifier leur activité grâce au contenu

Compte principal → @YS 💫
+ de valeur soon"
@chloesatl,-1,chloesat@outlook.fr,"creationdecontenu",nano,"Digital Marketing Master Degree
UGC Creator
📍Paris

📩 : chloesat@outlook.fr"
@saladpictures_,-1,madelyn@cozydesk.gg,"creationdecontenu",nano,"👩🏻‍💻 #techbaddie
💻 tech • lifestyle • pc builds
💌 madelyn@cozydesk.gg"
@minanovak,-1,contactminanova@gmail.com,"creationdecontenu",nano,"🍒🪩🌸🍸🍋
ig : minanovakk 🤍 / sc : minanovakk 🤍
💌 : contactminanova@gmail.com"
@clara.communication.ugc,-1,contact@cncommunication.fr,"creationdecontenu",nano,"📦 Créatrice de contenu UGC | ugc creator 🇪🇸🇬🇧🇫🇷
🎥Je partage mes tips Capcut
💌 contact@cncommunication.fr"
@lautika,-1,agent.lautika@gmail.com,"creationdecontenu",nano,"to my cozy & creative girlies 🎀🍵🎧☁️
k-beauty • selfcare • cozy vibes
✉️ agent.lautika@gmail.com"
@naomiedavinci,-1,,"creationdecontenu",nano,"Là où les entrepreneurs transforment leur savoir en revenus.
Construis, lance et monétise ton savoir.
Co-founder All Creators
Postule ici ↓"
@monti.cristo3,-1,,"creationdecontenu",nano,"39358"
@ludjyr,-1,,"creationdecontenu",nano,"Mon Instagram ⬇️"
@sunnyrayy.jpg,-1,sunnyray.jpg@gmail.com,"creationdecontenu",nano,"Ig: sunnyrayyxo
sunnyray.jpg@gmail.com"
@hanaemrs,-1,hanaemrss@gmail.com,"creationdecontenu",nano,"creative mess diary
🍵🖥️🪷⭐️
✉️hanaemrss@gmail.com
ig: h4kurom1"
@carlanzb,-1,carlanzb.pro@gmail.com,"creationdecontenu",nano,"étudiante et modèle | paris 🍒
hair, beauty, fashion & lifestyle
carlanzb.pro@gmail.com"
@mae.virals,-1,,"creationdecontenu",nano,"On apprend à devenir viral ensemble 🔎"
@iammentor,-1,,"creationdecontenu",nano,"youtubeur sympatchique"
@mar.vdc_,-1,,"creationdecontenu",nano,"Tes réseaux doivent vendre, pas juste faire des vues
Stratégie de contenu & personal branding
+ de 30 marques accompagnées
Diagnostique stratégique of"
@linstantmarketing,-1,,"creationdecontenu",nano,"Naomi | Création de contenu 🎥
Stratégie • Créativité
Tes hooks TikTok ⬇️"
@byelykia,-1,,"creationdecontenu",nano,"❤️ Fut la 1st créatrice de contenu mariage de France
🌹 Les coulisses de ton mariage (version glamour)"
@app_ios2,-1,,"creationdecontenu",nano,"J’ai découvert Blow Up AI dans l’App Store et je suis devenu viral"
@incroillable,-1,,"creationdecontenu",nano,"Je t'accompagne à créer ton business en ligne, sans montrer ta tête 👇"
@mia_kartin22,-1,,"creationdecontenu",nano,"ig.Mia kartin💗"
@thomasprl_,-1,thomasprl.work@gmail.com,"creationdecontenu",nano,"Photographe/vidéaste📸
📲Collab&Work : thomasprl.work@gmail.com
Le compte IG ⬇️"
@_myamm_,-1,myamdiak@gmail.com,"creationdecontenu",nano,"📩 myamdiak@gmail.com
🔽 Réserve ton accompagnement en cliquant sur le lien"
@luca.genco.business,-1,,"creationdecontenu",nano,"Ton Agent IA Tiktok pour seulement 27€ ⬇️"
@filmwithalexis,-1,alexismasson.creator@gmail.com,"creationdecontenu",nano,"Juste un gars chill qui fait des films
Collab📩: alexismasson.creator@gmail.com
Réalisateur & Monteur 🎥"
@lise_favre,-1,lisefavre.collab@gmail.com,"creationdecontenu",nano,"Ta pote qui t'aide à glow up en montage 🫂
J'adore plein de trucs et je les partage en vidéo 🍝

💌 lisefavre.collab@gmail.com"
@thereelcoach,-1,,"creationdecontenu",nano,"Transitions & iPhone Video Creator ⚡️🎬🎞
Follow on IG to learn | DM to collab📫"
@elena.mih11,-1,heyitselena.11@gmail.com,"creationdecontenu",nano,"UGC Creator | 📍UK

💌heyitselena.11@gmail.com

UGC Portfolio ⤵️"
@motiv_agency,-1,,"creationdecontenu",nano,"AGENCE TIKTOK-LIVE FRANCE 🇫🇷🇧🇪🇵🇫🇲🇨
Clique ici pour nous rejoindre ⬇️"
@martiale_nt,-1,Martiale@irismanagement.fr,"creationdecontenu",nano,"80k 🥹 ?
Lifestyle - Beauty
📍Montreal 🇨🇦
From 🇨🇲
💌: Martiale@irismanagement.fr"
@faceless.inc.proj,-1,faceless.inc.proj@gmail.com,"creationdecontenu",nano,"🚀 TikTok Automation & AI Tools
📩 faceless.inc.proj@gmail.com

👇 Learn More 👇"
@shybratbabie,-1,Shykittyxoxoxo@gmail.com,"creationdecontenu",nano,"Tiktok Shop Affiliate /lifestyle
Italian and Latina 😍😋
email - Shykittyxoxoxo@gmail.com
@sigocontacts_official Affiliate code:
Shykitty 4 25% off !"
@navypopoulos,-1,partenariatjohn@gmail.com,"creationdecontenu",nano,"🤳 Astuces pour ta création de contenu sur TikTok
📊 Stratégies ~ Algorithme ~ Viralité
📩 Contact : partenariatjohn@gmail.com"
@marketdamp,-1,,"creationdecontenu",nano,"Formation Réseaux Sociaux 100% gratuite
👇👇👇"
@bradclipped,-1,,"creationdecontenu",nano,"craziest brad clips 📸👀
YT: bradflows
bradenlinks.com"
@mswandaxo,-1,ilovechawanda@gmail.com,"creationdecontenu",nano,"🎀A Barbie Doll World🎀
TTS FINDS & OOTD
IG: misswandaxo
ilovechawanda@gmail.com
Mom Diary's: @Wanda ♡"
@anthon.allard,-1,,"creationdecontenu",nano,"+200M vues générées sur internet.
Je suis le petit gars qui coach ton coach.
DM GO si tu veux que je t’aide à scale ton activité de coaching à plus 10"
@axelle.dmz,-1,,"creationdecontenu",nano,"IG : axelle.dmz
Mon journal intime plus trop intime ☕️
💌 On Collab? | DM"
@arvzpadilla,-1,arvzpadilla@gmail.com,"creationdecontenu",nano,"all about tech and cozy workspace 🍃🎧

📩 arvzpadilla@gmail.com"
@facymethod,-1,,"creationdecontenu",nano,"🧠 Je décrypte la psychologie derrière les contenus viraux pour que tu deviennes viral à ton tour"
@tom_rdg02,-1,tomrodriguez31000@gmail.com,"creationdecontenu",nano,"📸 • Vidéaste / Photographe
🧱 • Toulouse
📨 • tomrodriguez31000@gmail.com"
@zoesimplementoff,-1,,"creationdecontenu",nano,"💭 spicy content - youtubeuse
🎧 fitness - run
🤍 engaged - @Coach Sportive 💻"
@mira.maqboul,-1,,"creationdecontenu",nano,"Content Demand Engineer
أوّل مُستشارة تسويق بالمحتوى في فلسطين🎀
بحوّل المشاهدات لمبيعات من خلال المحتوى💸
تصحيح مسار حسابك بدون إعلانات✨
لحجز استشارت"
@astuces.de.tiktok,-1,nadrojoff@gmail.com,"creationdecontenu",nano,"Actus & Astuces IA
Intelligence Artificielle
Collab : nadrojoff@gmail.com"
@elvisnotpresselait,-1,,"creationdecontenu",nano,"📹| Insta: @elvisnotpresselait
🎬| J't'apprends à filmer & monter comme un pro"
@leanna.richandglowy,-1,,"creationdecontenu",nano,"Créatrice UGC depuis 2023 | Formatrice
Accompagnement et Coaching 1:1
Je t'apprend le métier de créatrice UGC
More on @leannamadeit and IG
GUIDE GRATU"
@lougrimaddd,-1,,"creationdecontenu",nano,"Insta : louise_o08 💋
Snap : ouistitiii"
@idagaiaswim,-1,,"creationdecontenu",nano,"Made for hot girls
Par @marionsql et @Margot
Soldes jusqu'à -50% sur tout le site !

Idagaia.com"
@studio.bethel,-1,,"creationdecontenu",nano,"PRODUCTION AUDIOVISUELLE - CRÉATION GRAPHIQUE - COM DIGITALE ✨
📞 +2250778848474"
@itselodiexoxo,-1,,"creationdecontenu",nano,"🇫🇷 humour • lifestyle • sport
🍿 live tous les jours
👻 itselodiexoxo

👇🏼 mon univers ✨"
@honeypott1766,-1,,"creationdecontenu",nano,"Parody"
@virtualpau_,-1,pauline.virtualpau@gmail.com,"creationdecontenu",nano,"Ta copine qui aime parler mode, minimalisme & parfums .｡.:*☆
🇨🇳 Chine & 🇯🇵 Japon
📍 Paris
💌 pauline.virtualpau@gmail.com"
@cverc82,-1,,"creationdecontenu",nano,"team périmé 👶👶🤍
balou lysa live agency"
@jean.claude.boula7,-1,,"creationdecontenu",nano,""
@ogba.content.studio,-1,,"creationdecontenu",nano,"Tu veux t’exprimer avec impact et
vendre sur TikTok?
Écris-moi +229 0197141179"
@hugoarcd,-1,hugoarcd.pro@gmail.com,"creationdecontenu",nano,"creative kid qui parle de pleins de choses
hugoarcd.pro@gmail.com"
@florence_baitio,-1,,"creationdecontenu",nano,"No bio yet"
@unecombadass,-1,,"creationdecontenu",nano,"Télécharge mon kit gratuit pour ton business 👇🏼"
@kuttbyns,-1,,"creationdecontenu",nano,"Founder of KUTT AGENCY MARRAKECH

Insta kutt_agency & lume_marrakech"
@thesocialpresenceltd,-1,,"creationdecontenu",nano,"Results driven content creation agency.
Working with industry leaders. ☁️
Instagram - @thesocialpresenceltd"
@magdu69400,-1,,"creationdecontenu",nano,""
@celgth7,-1,,"creationdecontenu",nano,"Aucune biographie pour le moment."
@19carre,-1,,"creationdecontenu",nano,"Réserve ton shooting ici ⬇️⬇️"
@nnekajulia,-1,,"creationdecontenu",nano,"📍NYC
Writer. Filmmaker. Creator."
@brittneyjanae,-1,,"creationdecontenu",nano,"Workouts, travel, Camera Stuff, skating, life"
@hnana146,-1,,"creationdecontenu",nano,"بنت المملكه"
@le_fabian,-1,,"creationdecontenu",nano,"Envoie moi un message pour qu'on bosse ensemble"
@form.academy,-1,,"creationdecontenu",nano,"'La réussite commence par une bonne formation.'
🎓 École agréée
📞 0657511462"
@noah.ctn,-1,,"creationdecontenu",nano,"J'ai un an pour vivre des réseaux sociaux."
@thaunya.34,-1,,"vlogfr",nano,"ig : thaunya.34
@pour les intimes 🥰
@thaunyaspamm😝"
@sarah_ast,-1,sarahastorri@gmail.com,"vlogfr",nano,"Je partage mes journées 🎀
Mail : sarahastorri@gmail.com"
@bemou0,-1,hannahbmt1@gmail.com,"vlogfr",nano,"Un peu de ma vie 🦦

IG: hannahbemurat / Ytb: Hannahbmt

💌: hannahbmt1@gmail.com"
@noemie_grsl,-1,,"vlogfr",nano,"merci pour tout 🩶
un peu plus sur instagram : noemie_grsl"
@smtz.fr,-1,,"vlogfr",nano,"SMTZ | French Minimal Brand 🇫🇷
🩷 Shop online
🌍 Worldwide shipping!"
@eloisedufka,-1,contact@eloisedufka.com,"vlogfr",nano,"NYC
YT: Eloise Dufka
📧 contact@eloisedufka.com"
@milot.q,-1,,"vlogfr",nano,"📹📸
Geneva - Switzerland 🇨🇭
IG: milot.qosa"
@juntimes2,-1,juntimes2.contact@gmail.com,"vlogfr",nano,"Canadian in Paris
Un peu de tout: Corpo, expos, restos et maquillage

juntimes2.contact@gmail.com"
@mlgmlg230,-1,,"vlogfr",nano,"Aucune biographie pour le moment."
@yas.xx0,-1,,"vlogfr",nano,"🇲🇦
ig: yas.xx4"
@une_nomade,-1,,"vlogfr",nano,"Insta :une__nomade"
@ctrd65,-1,trd.clea@gmail.com,"vlogfr",nano,"un peu de tout
📩 trd.clea@gmail.com"
@madieplt,-1,hello@madieplt.com,"vlogfr",nano,"𝗧𝗵𝗲 𝗙𝗿𝗲𝗻𝗰𝗵 𝘁𝗼𝘂𝗰𝗵 𝗶𝗻 𝗟𝗼𝗻𝗱𝗼𝗻
insta @madie
hello@madieplt.com"
@ocnbee,-1,ocn.bee@gmail.com,"vlogfr",nano,"Océane 🐝
SMARTPHONE VIDEASTE | CONTENT CREATOR📱
✉️ l ocn.bee@gmail.com"
@tootiredema,-1,emamog.collab@gmail.com,"vlogfr",nano,"étudiante à paris
@tootiredema on instagram
✉️emamog.collab@gmail.com"
@mjrstudio3,-1,,"vlogfr",nano,"Réalisateur🎥

Ig: Mjrstudio_"
@vibeswith.bee,-1,,"vlogfr",nano,"𝐏𝐬𝐚𝐮𝐦𝐞𝐬 𝟏𝟒𝟕:𝟑
𝐒𝐚𝐟𝐞 𝐩𝐥𝐚𝐜𝐞 🪷
𝐓🤍
@𝐌𝐀𝐘𝐀&𝐀𝐑𝐌𝐎𝐍𝐘⁶⁷"
@mamoyan_07,-1,,"vlogfr",nano,""
@shana.moulin,-1,,"vlogfr",nano,"Aucune biographie pour le moment."
@lennssssss,-1,,"vlogfr",nano,"Aucune biographie pour le moment."
@megane_bsn,-1,meganecollab06@gmail.com,"vlogfr",nano,"📩 Collab: meganecollab06@gmail.com
🇨🇬🇧🇫"
@sophiiezhou,-1,sophie@migosmedia.com,"vlogfr",nano,"insta @sophiezhouu 🌤📚🌷
study - vlog - motivation
💌: sophie@migosmedia.com"
@1ukzy,-1,lukzypro@gmail.com,"vlogfr",nano,"just a few moments filmed on my camera

@etheriaclothing
📥 lukzypro@gmail.com"
@madamecoaster,-1,madamecoaster@gmail.com,"vlogfr",nano,"😂 Famille & humour
📸 Insta : @madamecoaster
▶️ YTB : MadameCoaster
✉️ madamecoaster@gmail.com"
@oonlynaya,-1,onlynaya.paris@gmail.com,"vlogfr",nano,"Nayé, enchantée 🧚🏾‍♀️
💌 onlynaya.paris@gmail.com
Paris / Le Havre"
@matthieuhochoa,-1,matthieuhochoa@gmail.com,"vlogfr",nano,"bonsoir amor
ig : matthieuhochoa
💌 matthieuhochoa@gmail.com"
@leptardagui,-1,,"vlogfr",nano,"206 24/25"
@kamel_vlog,-1,,"vlogfr",nano,"VLOG"
@maelleprm,-1,,"vlogfr",nano,"𝐍𝐚𝐧𝐭𝐞𝐬
𝟎𝟏𝟎
𝐈𝐠 : 𝐦𝐚𝐞𝐥𝐥𝐞.𝐩𝐫𝐦𝐧
🍋🐆🌻"
@emma_leforner,-1,,"vlogfr",nano,"@Emma.prv pour mes potes à la compote"
@ambre_3..1,-1,,"vlogfr",nano,"Aucune biographie pour le moment."
@kassandre44,-1,,"vlogfr",nano,"Aucune biographie pour le moment."
@louise_gnrdmg,-1,,"vlogfr",nano,"Aucune biographie pour le moment."
@camille_tgnr,-1,,"vlogfr",nano,"Pour les privilégiés@𝐂 𝐀 𝐌 𝐈 𝐋 𝐋 𝐄_prv😝
Nantes⭐️"
@kimy_19.10.24,-1,,"vlogfr",nano,"Aucune biographie pour le moment."
@max_..8_,-1,,"vlogfr",nano,"🏀✝️
🇵🇹🇷🇺
Marc 9:23"
@mau__asmr,-1,mauasmrpro@gmail.com,"vlogfr",nano,"🎥 YOUTUBE : Mau ASMR

💌 mauasmrpro@gmail.com

Me soutenir⬇️"
@burgouzz,-1,,"vlogfr",nano,"Smash burgers by @Valouzz 🍔
📍Rennes • Paris La Défense • Lille
📍Tours (été 2026)"
@valouzzz_tiktok,-1,,"vlogfr",nano,"Aucune biographie pour le moment."
@clarissepolle,-1,,"vlogfr",nano,"⭐️Life and food stuff ⭐️"
@chachou.core,-1,chachou@amenagence.com,"vlogfr",nano,"La vie m'offre des bourbiers,
j'en fais des storytimes ✨

💌 mail : chachou@amenagence.com"
@user030005230,-1,,"vlogfr",nano,"Aucune biographie pour le moment."
@louison_dgx,-1,,"vlogfr",nano,"Aucune biographie pour le moment."
@_cl8m_,-1,cl8.meschou@gmail.com,"vlogfr",nano,".📩: cl8.meschou@gmail.com
.2ème compte :@_cl8m2_
.👻: VENEZ SNAP⬇️"
@hania_ttii,-1,hania.ttii12@gmail.com,"vlogfr",nano,"+ fun sur yt
💌 : hania.ttii12@gmail.com
YT : @haniasansfiltre"
@manmtk,-1,,"vlogfr",nano,"lille
ig : manmtk"
@drewaggouras,-1,,"vlogfr",nano,"🔥It's Ace from American Gladiators

🚨‼️Go watch American gladiators on Amazon prime now!!"
@chloooesh,-1,,"vlogfr",nano,"Made in Reunion Island 🏝️
istg: chloooesh"
@nrtds_,-1,nrtdsreine@gmail.com,"vlogfr",nano,"moi, mes reines et mon pc💋
🫶🏼IG & YTB : nrtds
👾Twitch NRTDSSS
✉️nrtdsreine@gmail.com
@nisrine"
@monica.yz,-1,barbie.off@icloud.com,"vlogfr",nano,"A Barbie in real life👱🏽‍♀️
Mail: barbie.off@icloud.com
Sn: Monica-yz"
@garnierfr,-1,,"vlogfr",nano,"🎥Découvrez pourquoi Gisèle Bündchen nous fait confiance"
@__adecuisine__,-1,,"vlogfr",nano,"🌿 Bien-être naturel & énergie
💚 Forever Living Products
✨ Conseils & accompagnement Personnalisé
📩 DM pour info"
@serenaincm,-1,,"vlogfr",nano,"Aucune biographie pour le moment."
@fa.cavaillon,-1,,"vlogfr",nano,"victoire , amandine , elena , sara , floréana♥️"
@lea.7513,-1,,"vlogfr",nano,"siracide 8:19
ig: lea.rcdn"
@cnl.mdb,-1,,"vlogfr",nano,"Ig: chasnel_mdb

🇨🇲/🇨🇬/✞"
@angeleaab,-1,angeleaab@gmail.com,"vlogfr",nano,"🪽🪽🪽
angeleaab@gmail.com
insta angeleaab"
@user8529041710,-1,,"vlogfr",nano,"parfois je lis"
@maeebrun,-1,mae.brun@orange.fr,"vlogfr",nano,"LIFESTYYLE & TRUC COOOL
✉️ mae.brun@orange.fr
🤍🌸🪐☁️🧖🏻‍♀️"
@digitalhustlerclub,-1,,"vlogfr",nano,"👻 KINGOFDIGITALLE

Insta: digitalflooz

Je t'explique mon business gratuitement ⬇️"
@vahina_brd,-1,vahinabrd@gmail.com,"vlogfr",nano,"🪽@𝒱𝒶𝒽𝒾𝓃𝒶🪽
𝒸𝑜𝓁𝓁𝒶𝒷 𝑒𝓃 𝒹𝓂 𝑜𝓊 𝓅𝒶𝓇 𝓂𝒶𝒾𝓁 : vahinabrd@gmail.com"
@msvemma,-1,msvemma02@icloud.com,"vlogfr",nano,"paris
sc: msvemmaaa / ig: msvemma
collab : msvemma02@icloud.com"
@fitiavaana,-1,fitia.creator@gmail.com,"vlogfr",nano,"Coucou les amies 💋

ig: fitiiavana
💌: fitia.creator@gmail.com"
@lyi7106,-1,lyiana.lifestyle@gmail.com,"vlogfr",nano,"beauty- fashion- lifestyle 🎀
franglish content 💗
💌: lyiana.lifestyle@gmail.com"
@camille._sl,-1,,"vlogfr",nano,"Aucune biographie pour le moment."
@jade._rth,-1,,"vlogfr",nano,"Aucune biographie pour le moment."
@inaa.lgk,-1,,"vlogfr",nano,"Aucune biographie pour le moment."
@ines_adrr,-1,,"vlogfr",nano,"Aucune biographie pour le moment."
@juliette.lrt_0,-1,,"vlogfr",nano,"Aucune biographie pour le moment."
@camilled_652,-1,,"vlogfr",nano,"Aucune biographie pour le moment."
@malou_japon,-1,malou.collabb@gmail.com,"vlogfr",nano,"📍TOKYO
💌 Collab : malou.collabb@gmail.com
👇🏻 Réserve ton shooting👇🏻
ln•sta : malou_japon"
@vimfsi,-1,,"vlogfr",nano,"actrice catlover foodlover swiftie
paris 🇫🇷"
@ugo.sn,-1,,"vlogfr",nano,"Aucune biographie pour le moment."
@alex.iane972,-1,,"vlogfr",nano,"🇲🇶🇬🇵✞
DM for collab🫧"
@iambrerose,-1,iambrerose@nextchapter.agency,"vlogfr",nano,"Lifestyle,fashion
Collabs : iambrerose@nextchapter.agency
insta : @iambrerose"
@eliseebooks,-1,eliseebooks@agencedesmots.com,"vlogfr",nano,"Élise ☆
lecture & plus encore
💌 eliseebooks@agencedesmots.com"
@anii.bng,-1,,"vlogfr",nano,"GRWM | VLOG 💕
📸: anii.bng"
@eden.x4,-1,,"vlogfr",nano,"French riviera 🧿
@Eden prv"
@louane__97,-1,,"vlogfr",nano,"🤍🤍
ig: louane_hbr2"
@graces.talk,-1,gracedree55@gmail.com,"vlogfr",nano,"Insta : @mlle_dree
📩 : gracedree55@gmail.com"
@k_y_n_a9,-1,,"vlogfr",nano,"🇨🇮🇫🇷
I'm Just a Girl Cool and Sexy"
@mariee.victoire,-1,,"vlogfr",nano,"Lifestyle 😎"
@cam.douaud,-1,camilledouaud04@gmail.com,"vlogfr",nano,"partage de vie 💋

ig : cam.douaud
🌟🦞🌊🐠🪩🤿
💌 : camilledouaud04@gmail.com"
@cheyyppl,-1,,"vlogfr",nano,"Aucune biographie pour le moment."
@2n2aa,-1,,"vlogfr",nano,"Sc & insta | nyim4aa"
@7iaa_off,-1,,"vlogfr",nano,"Aucune biographie pour le moment."
@23dollss,-1,,"vlogfr",nano,"Ig: 23dollss"
@mryv.dm,-1,marieyv.pro@gmail.com,"vlogfr",nano,"ig & sc: mryv.dm

✉️:marieyv.pro@gmail.com"
@yael.pg,-1,yael.pgpro@gmail.com,"vlogfr",nano,"your French law student 🍄
💌 yael.pgpro@gmail.com
ig: @yael.pg"
@niina5783,-1,,"vlogfr",nano,"🎀20 ans
🩺 2ème année de médecine"
@louisee.garnier,-1,,"vlogfr",nano,"Ig: Louise.gr_"
@flavia.223,-1,,"vlogfr",nano,"Aucune biographie pour le moment."
@ririkxrimi,-1,rimwork04@gmail.com,"vlogfr",nano,"Je recherche une alternance en com 🙃
Ig:whosrimk
✉️: rimwork04@gmail.com
2* compte :@whosririk"
@julielesot,-1,,"vlogfr",nano,"Carioca 🇧🇷
but also 🇨🇴🇫🇷
studying in Monaco🇲🇨 :)"
@aleydabs,-1,Aleidarosa222@gmail.com,"vlogfr",nano,"Your fav 🇨🇻
French Riviera 📍
Aleidarosa222@gmail.com 💌
All things , Lifestyle +Beauty +Travel+gym & bien-être"
@janine.bgr,-1,,"vlogfr",nano,"🇨🇻"
@maemfrt,-1,mae@graceissey.com,"vlogfr",nano,"paris

📧 mae@graceissey.com
ig @/maemfrt"
@.no.an2,-1,noangornet@gmail.com,"vlogfr",nano,"Collab💌🌟🌱
noangornet@gmail.com"
@giray_exe,-1,georges.giray2008@gmail.com,"vlogfr",nano,"@Maison52 brand Ambassador 🃏
Alter ego @inluvwgiray 🎭
georges.giray2008@gmail.com"
@lysagl,-1,Lysaglpro@gmail.com,"vlogfr",nano,"Makeup Addict | Santé Mentale | Lifestyle | UGC
𝐈𝐆 : 𝐋𝐲𝐬𝐚𝐠𝐥_
Lysaglpro@gmail.com"
@eloapstl,-1,eloapstl@gmail.com,"vlogfr",nano,"📸 eloapstl
💌 eloapstl@gmail.com
🤍 psaume 37:4"
@benefitfrance,-1,,"vlogfr",nano,"Ton expert beauté, but make it fun 🎡
🏆#1 des sourcils au monde
✨ NOUVEAUTÉ DREAM SHEEN BROW GLAZE"
@mathousbookshelf,-1,mathousbookshelf@gmail.com,"vlogfr",nano,"🧚🏻‍♀️⭐️🍓🍵🧸🪩
de la lecture & des vlogs
aussi sur YouTube ↷
💌 mathousbookshelf@gmail.com"
@emma_grsl,-1,,"vlogfr",nano,"merci
🌟
ig: emma_grsl
dm for colab'"
@mini.copines,-1,,"vlogfr",nano,"que des vlogs ici 😇"
@maelie3436,-1,maelie3436pro@gmail.com,"vlogfr",nano,"ig : maelie.ii
📮 : maelie3436pro@gmail.com 📮
snp : m.xlae"
@sisters.ss,-1,sana.sisters.ss22@gmail.com,"vlogfr",nano,"❝ the pink room ࿔*:.⋆ 🎀
👻 snap : sana-yss
🫶🏼 insta : sanatwosisters
💌 sana.sisters.ss22@gmail.com"
@melina.gulb,-1,melinaguilbon619@gmail.com,"vlogfr",nano,"🤍💄✨🎀🛍️🪩
votre blush girl fav
collab 💌 : melinaguilbon619@gmail.com"
@mholivia,-1,oliviaa.mhh@gmail.com,"vlogfr",nano,"juste un peu de ma vie en alternance
💌 oliviaa.mhh@gmail.com"
@anissa_tt,-1,anissa.tiktokcollab@gmail.com,"vlogfr",nano,"That girl
💌:anissa.tiktokcollab@gmail.com
Ig:anissal_28
snap:anissa_snap"
@darkainzer_yt,-1,contactdarkainzer@gmail.com,"gamingfr",nano,"21 | Player for @SPEKTR
📩mail: contactdarkainzer@gmail.com📩"
@camgamingfr,-1,,"gamingfr",nano,"🎮 POV & Humour : Jeux Vidéos
🏆 Chasseuse de Platines : 95
🤝🏻 Tips & Conseils Gaming
⬇️ Live Twitch aléatoire"
@cocogamingpro,-1,,"gamingfr",nano,"Want To showcase your game ? contact me 👇
kingtoys001(at)gmail
📧⏬ discord"
@gappouille,-1,Gappy.pro9@gmail.com,"gamingfr",nano,"NTE, ZZZ et d'autres parfois
-
Ytb : Gappouille
Mail pro : Gappy.pro9@gmail.com"
@sujo_bg,-1,,"gamingfr",nano,"Twitch : sujo_bg"
@afenishaks333,-1,jennyfer.dzt-pro@outlook.es,"gamingfr",nano,"🇫🇷 STREAMER - WIG INFLUENCER
@Jennyfer Shakuur
Collab : jennyfer.dzt-pro@outlook.es"
@michouoff,-1,,"gamingfr",nano,"Compte secondaire de Michou, Clips et contenus exclusifs ! ✨💜"
@naymiplays,-1,naymi.gaming@gmail.com,"gamingfr",nano,"J'aime les jeux narratifs.
✉️ naymi.gaming@gmail.com

Mon premier roman disponible ⬇️"
@suchakylie,-1,suchkyliepro@gmail.com,"gamingfr",nano,"👾 TWITCH: @suchakylie | 🇵🇭🇫🇷

📩 Collab: suchkyliepro@gmail.com

Gaming - Comics - Manga"
@sartartv,-1,,"gamingfr",nano,"🎮 Streamer depuis 5 ans, je partage ma passion pour le jeu vidéo ! Rejoins-moi"
@riotgamesfr,-1,,"gamingfr",nano,"Compte officiel de Riot Games France 👊"
@dreeeeyyyy,-1,,"gamingfr",nano,"Santé mentale, jeux vidéos, humour, stream..."
@thegeomatrix,-1,,"gamingfr",nano,"🇫🇷 GeoMatrix
🎧 Géographie en musique
🌍 Comprendre le monde
🎯 Road to 10K"
@loictrema,-1,,"gamingfr",nano,"Je veux juste jouer à mes jeux vidéos

✅ Abonnez-vous pour me soutenir 🫶🏽"
@broocoline_twitch,-1,broocoline@gmail.com,"gamingfr",nano,"Partenaire Twitch✮˚₊ et Chanteuse🎙️(Coline sur les plateformes)
TOUS LES JOURS À 15H
broocoline@gmail.com 💌
viens sur twitch ⬇️"
@fintchy_,-1,,"gamingfr",nano,"Je sais pas ce que je fait la mais j’suis la"
@kiaplys,-1,,"gamingfr",nano,"Juste un joueur casual"
@niylagames,-1,,"gamingfr",nano,"Insta: Niylagames
Sc: niyla.games"
@clawneg,-1,,"gamingfr",nano,"Abonnes toi pour trouver les meilleurs jeux !

Subs --> 1.6k✅️ / 2k ⚠️"
@neauria,-1,,"gamingfr",nano,"www.twitch.tv/neauria on rigole ! (du moins, on essaie)"
@zh_vlr,-1,zhvlrpro@gmail.com,"gamingfr",nano,"Riot : z h#000
Give me Riot gun buddy plz
📩 : zhvlrpro@gmail.com
#12"
@soraa.s0,-1,,"gamingfr",nano,"Le gaming c'est la vie"
@ryogisama,-1,ryogisamaa@gmail.com,"gamingfr",nano,"Anime, mangas et jeux !
Suis moi pour des avis, des recos et des tops !
Road to 50k
Mail pro : ryogisamaa@gmail.com"
@laytho_,-1,,"gamingfr",nano,"Streameuse Twitch Partenaire 🎮
Ambassadrice MANDATORY 🟥🔨
Twitch : laytho_"
@twitchklipfr,-1,,"gamingfr",nano,"⚪️🟣Les meilleurs clips de Twitch 🟣⚪️"
@aminemp4_,-1,aminereglise1@gmail.com,"gamingfr",nano,"aminereglise1@gmail.com 📩
je fais des vidéos tous les samedis a 18h 🫩 (abonne-toi)
@aminemp4.clips"
@xababtv,-1,,"gamingfr",nano,"Oui."
@game.bros.fr,-1,,"gamingfr",nano,"Zéro légitimité, beaucoup d'avis.
Tous nos liens ⬇️"
@.sunshinediscord,-1,,"gamingfr",nano,"Serveur discord only girl !! 💭"
@le.vice.7,-1,,"gamingfr",nano,"⚡️💚"
@seinalemm,-1,Seinalemm@gmail.com,"gamingfr",nano,"📩 : Seinalemm@gmail.com
✨Sport, Voyage, Gaming ✨
⬇️ ⬇️"
@haweia.dc,-1,,"gamingfr",nano,"serveur gaming, safe place 🌱
﹒꒰ 🎐 lien : envoyez un dm"
@menaltyrius,-1,,"gamingfr",nano,"🕹Geek lifestyle🕹
🌸 NTE createur 🌸
road to 2750 abo 🙏🏻
menaltyrius sur tous les réseaux"
@cmoidark,-1,,"gamingfr",nano,"Je fais des vidéos Fortnite 🤫 Ma Map Dark 1v1 : 3512-9238-1179"
@astasya.gaming,-1,,"gamingfr",nano,"👾 Live TWITCH tout les soirs 20h30!
🎮 Gaming Horror / Chill / Funny
🐉 Manga Addict
💬 Discussions jeux vidéo
⚡️ Viens suivre mes aventures sur Twit"
@osirisfn,-1,,"gamingfr",nano,"#1"
@botmartintv,-1,,"gamingfr",nano,"🎬 Juste moi et mes délires entre potes
━---━━━---━
🔴 En LIVE sur Twitch à partir de 21h30
Rejoins moi également sur Youtube ! 🔴
┏━━━━- Mes réseaux "
@theofrnl,-1,contacttheofrnl@gmail.com,"gamingfr",nano,"Streamer Twitch
✉️ contacttheofrnl@gmail.com
Tous les jours en live à 20h ⬇️"
@piepie_leprof,-1,,"gamingfr",nano,"Compte monétisé pour te lancer sur TikTok👇"
@asuracorp,-1,,"gamingfr",nano,"D’une bande de potes à une structure eSport 💙🧡

Rejoins l’aventure !"
@namc51_,-1,,"gamingfr",nano,"🎦 Twitch & Youtube 🎦 : Namc
🌻Créateur de contenu Overwatch Fr ☑️🌻
↓ réseaux ↓"
@maxenvr.tv,-1,Maxenvr@outlook.com,"gamingfr",nano,"👉 Humour et réalité virtuelle | Créateur de vidéos VR
✉️ Maxenvr@outlook.com | YTB : Maxenvr"
@lawsh_tv,-1,,"gamingfr",nano,"Wahib Samy Hamza | Rejoignez nous sur twitch"
@monsteriak77,-1,monsteriakprod@gmail.com,"gamingfr",nano,"YT(Monsteriak77)Membre LCP(GanjaKiniwooArthur) Mail pro monsteriakprod@gmail.com"
@user795711057534,-1,,"gamingfr",nano,"Aucune biographie pour le moment."
@_makouh_,-1,,"gamingfr",nano,"TWITCH : makouhhh
Rejoint le discord
⬇️"
@thefrenchniko,-1,,"gamingfr",nano,"Créateur de contenu depuis 1863 🖖🎮"
@c.polia,-1,polia.yt.pro@gmail.com,"gamingfr",nano,"C'est mon compte à moi
Mailpro :polia.yt.pro@gmail.com
Ig : cPoliaa"
@celiaxsq,-1,celiaxsq@hotmail.com,"gamingfr",nano,"🎀MON TWITCH ET MON DISCORD D'EGIRL JUSTE EN BAS DANS LE LIEN 🎀
game girl • lol & genshin impact loveuse •
✉️ : celiaxsq@hotmail.com
✞ 🇫🇷🇨🇭"
@dondavid94,-1,,"gamingfr",nano,"Aucune biographie pour le moment."
@geek2savoie,-1,,"gamingfr",nano,"Découvrir le maximum de jeux vidéos 🎮 Twitch 🟪 Insta 📷 Facebook 🔵 Youtube 🟥
GEEK2SAVOIE"
@kihiimo,-1,,"gamingfr",nano,"Streamer FR 🎮 RPG & MMO
Planning chaque dimanche sur Discord (en bio twitch)👇"
@lebasspov,-1,lebassclip@gmail.com,"gamingfr",nano,"Mail : lebassclip@gmail.com
Clan Brawl Star = #2RJ28GYGL"
@daily96275,-1,,"gamingfr",nano,"halo"
@sunlxst,-1,,"gamingfr",nano,"🎮 Le meilleur RP arrive…
🚓 Police • Gangs • Events • Giveaways
👇 Rejoins le serveur maintenant"
@clipfarm396,-1,,"gamingfr",nano,"Abonne toi pour plus de podcast !!"
@natmor_offi,-1,contact@natmor.fr,"gamingfr",nano,"Compte officiel de NATMOR 🍌🍌🍌 ABONNE TOI 💛
✉️ contact@natmor.fr"
@onevme_,-1,onevme.pro@gmail.com,"gamingfr",nano,"Streamer / Créateur de contenu
mais pas que ...
Partenaire Twitch : OneVme_

Mail : onevme.pro@gmail.com"
@clips.by.vaykiss,-1,,"gamingfr",nano,"Clips 🗺⛰️
Abonne-toi !"
@clips_zay,-1,,"gamingfr",nano,"Abonne-toi pour plus de clips de @Zaynox

En live tout les soirs à 20h"
@user5140230743437,-1,,"gamingfr",nano,"Aucune biographie pour le moment."
@missan170,-1,,"gamingfr",nano,"Mods Hollow Knight ⚔️
Any Radiance 1.0/2.0 ✔️
3.0 en cours 👀
Live quand je peux
YT : missanyt-hk"
@deboelg,-1,,"gamingfr",nano,"Hello 🤍🫶
Gameuse 🎮
Cartomancienne 🔮
Insta : Unepetitegameuse"
@bakirdbr,-1,,"gamingfr",nano,"À tous les curieux, je ferais certainement d'autres vidéos mais certainement pas de manière régulière.
Quelqu'un a-t-il un remède à la paresse ?"
@yumifn3,-1,,"gamingfr",nano,"🫧🤍"
@actu_influenceuse3,-1,,"podcastfr",nano,"Toutes les dernières actu tiktok 🔥
Ce que tu recherches 👇🔥"
@yomidenzel,-1,,"podcastfr",nano,"Entrepreneur,
Founder of Minea & Mindeo,
Harvard, MIT & Hec Lausanne"
@mack.new,-1,,"podcastfr",nano,"🇨🇭🇨🇩
+180k insta
Guide Complet Suisse ⬇️"
@pinkcorn8,-1,contactpro@pinkcorn.fr,"podcastfr",nano,"J'analyse les coulisses des films et séries 🍿
📩 contactpro@pinkcorn.fr"
@miss.jadelavoie,-1,,"podcastfr",nano,"‼️ tout se passe sur Insta jadelavoie ‼️
Wow 1.1M merci ♥️
Compte famille @Jayle Family"
@jademaa,-1,,"podcastfr",nano,"🌸 Plus jamais sans moi
🦋 Coach en développement personnel
📕 Auteure du livre 'Des mots sur nos maux'
Dernier épisode de podcast disponible ⬇️"
@quepourledivertissement,-1,,"podcastfr",nano,"Que pour le divertissement / En route pour les 20k 💪🙏🏼"
@aouatefe,-1,,"podcastfr",nano,"🎥Le cinéma,c’est ma vieఌ
🎙️Podcast par accident
ᵏʰᵃᵐᵃˢˢᵃ ᵒᵘ ᵏʰᵐⁱˢˢ ⁵ ᵉᵗ ʲᵉᵘᵈⁱ"
@s0ngrosku,-1,,"podcastfr",nano,"🇩🇿"
@maeline.blh,-1,maelineblhpro@gmail.com,"podcastfr",nano,"💌 maelineblhpro@gmail.com
culture | lifestyle"
@acoeursouverts,-1,,"podcastfr",nano,"J'ai un podcast qui me sert de journal intime👇🏾"
@youandme.talk,-1,,"podcastfr",nano,"Welcome to my channel."
@ecouteca.fr,-1,,"podcastfr",nano,"Écoute bien... Ça peut changer ta vision 🎙

Motivation • Réalité • Mentalité
40k🚀 🙏❤️🙏"
@sextalkfr,-1,,"podcastfr",nano,"Interviews sexy & cash. Vrais gens, vraies histoires. T'es pas prêt. 🔥"
@sanstaboupodcast,-1,,"podcastfr",nano,""
@podcast.du.jour1,-1,,"podcastfr",nano,"go les 3k 🙌"
@lepodcastdorphee,-1,,"podcastfr",nano,"Par @OR’PHEE <3
Led by the Bible
✨Dispo sur toutes les plateformes"
@tianamayembe,-1,,"podcastfr",nano,"Consultante en communication | J’écris sur l’éloquence, le charisme et la prise de parole (newsletter)
￬ Découvrir mon coaching 1:1"
@icittvabien,-1,icittvabien@gmail.com,"podcastfr",nano,"La meuf de la culture à lille

💘 icittvabien@gmail.com"
@__empreinte__,-1,,"podcastfr",nano,"🧠
expérience de vie
Motivation - Conseil - Discipline - Réussite
🫆"
@officielacrim,-1,,"podcastfr",nano,"Aucune biographie pour le moment."
@dernierverre_podcast,-1,,"podcastfr",nano,"Le dernier verre qui s’éternise 🍸✨
by @Clara 🦁
Insta : @ dernierverre_podcast
YouTube : Dernier Verre Podcast"
@2voicespace,-1,,"podcastfr",nano,"Your voice, your space ♥️
Mindset & self growth 🎙️"
@basma.thrr,-1,,"podcastfr",nano,"Aucune biographie pour le moment."
@positive_vibes730,-1,,"podcastfr",nano,"➡️ thanks 10k 🫶🥳

➡️ ebook 'Les 10k en vrai' par DM"
@clip.du.moment6,-1,,"podcastfr",nano,"Aucune biographie pour le moment."
@chloeetanouckbyfeminitea,-1,,"podcastfr",nano,"Tes go sûres qui parlent de tout sans tabou🎙️

🏆 Award du Best French Podcast
🥇en 2024 & 🥈en 2025"
@ladosematinale,-1,,"podcastfr",nano,"Ta dose de vérité sur les relations et le mindser 🧠🎙

Amour • Sagesse • Mindset

abonne-toi pour plus de contenu 🤍"
@acteurspidenn,-1,,"podcastfr",nano,"Any movie, lyrics, advice you want, ask me in the video comments."
@podpah,-1,,"podcastfr",nano,"O canal mais zika da internet!"
@sogirlyc,-1,sogirlycpro@gmail.com,"podcastfr",nano,"📍Paris
🌞 Mon joyeux bordel
🤍 Sur Ig & Ytb @sogirlyc
🎙️ Host Tabou Mais Utile
💌 sogirlycpro@gmail.com"
@podcapte,-1,,"podcastfr",nano,"'t'es pas chaud on fait un podcast ?'
on se capte tous les dimanches à 17h :)"
@cynthiapled,-1,aihtnycdelp@gmail.com,"podcastfr",nano,"je t'aide à apprécier ta propre compagnie 🌻💛
✉️ aihtnycdelp@gmail.com
mon podcast 👇🏻"
@reveal.podcast,-1,,"podcastfr",nano,"revealmeplease"
@clm.pod,-1,,"podcastfr",nano,"Ici on débat comme à la maison !

IG : @clm.pod
YT / Snap : @clm.podcast"
@verite.brutte,-1,,"podcastfr",nano,"Amour • Respect • Vérités 💭
Tu donnes trop, ils donnent peu 💔
Il est temps de comprendre 🧠"
@tesdispomimi,-1,,"podcastfr",nano,"podcast câlin 🫂
2x par mois : vendredi à 7h"
@mouradtellab,-1,,"podcastfr",nano,"J'ai arrêté les Podcasts. Mais tu peux retrouver les archives des épisodes ici👇🏾"
@larche.podcast,-1,,"podcastfr",nano,"🎙️ L’Arche, le commencement.
By @go_rentier"
@manoahlabranche,-1,,"podcastfr",nano,"Instagram : @notmanoah"
@marina.noe_,-1,,"podcastfr",nano,"une girl boss qui romantise ses études de médecine
Motivation • Lifestyle • bien être
🩺💄"
@discutons.business,-1,,"podcastfr",nano,"🎯 | OBJECTIF 500 ABONNÉS

📲 | SUIS-MOI ET CHANGE TA VIE"
@elevatehousethe,-1,,"podcastfr",nano,"On accueille des invités dont tu ne savais pas que tu avais besoin.

Compte principal @theelevatehouse"
@rpl_podcast,-1,,"podcastfr",nano,"✨Vies transformées par Jésus-Christ | 📖 Matthieu 28:19 | YouTube : Rpl_Podcast"
@builders.fr,-1,,"podcastfr",nano,"Ex-directeur marketing
Associé @assloc95
+300 entrepreneurs accompagnés
👇 fais ton audit gratuit"
@you.me.podcast,-1,,"podcastfr",nano,"Welcome to my channel."
@vrailepodcast,-1,,"podcastfr",nano,"VRAI, le podcast qui fait parler.
Les stars de téléréalité se racontent en messages.
By @Jesta ☀️🦋🧸💚 🎙️
Nouvel épisode tous les mercredis à 12h 👇"
@miaverite,-1,,"podcastfr",nano,"💬 Sans tabou | 💔 Vrai | 🖤 Utile"
@carnetculturel1,-1,,"podcastfr",nano,"Recommandations culturelles en tout genre ( podcasts, docu, livres, films, ...)"
@silen1p1,-1,,"podcastfr",nano,"Die ungeschminkte Wahrheit über Liebe & Leben 🎙

Psychologie▪️Beziehungen▪️Fakten 🧠

Folge mir und wachse jeden Tag 🤍🙏"
@francis.klm8,-1,,"podcastfr",nano,"Série : Les relations humaines 🎙️
Saison 1 : Relations amoureuses
🎧 Ici, c’est que des extraits"
@clocloclub,-1,,"podcastfr",nano,"✨La safe place des créatives ✨
🎙️En podcast
✍️ et sur papier"
@lisapowher,-1,Lisa@powherstudio.com,"podcastfr",nano,"🫧💰🧘🏻‍♀️🎙️✨
Business & wellness
Break to Reset
Lisa@powherstudio.com"
@pzsos,-1,,"podcastfr",nano,"🥺Story time🥀
🤐histoire vraie🌵"
@rashkkaaa,-1,,"podcastfr",nano,""
@document.taire,-1,,"podcastfr",nano,"Documentaires - Reportages - Interviews

On vous dévoile tout !"
@leya_morel,-1,,"podcastfr",nano,"Pour vous divertir, veuillez suivre notre page ☝️"
@kordelia.ph,-1,kordeliaphan@gmail.com,"podcastfr",nano,"ipad kid & art director in paris
💌kordeliaphan@gmail.com"
@meghanul,-1,,"podcastfr",nano,"25 yo ☀️"
@iamluum,-1,iamluum.pro@gmail.com,"podcastfr",nano,"⁺˚*･˚*✫˚⠀
mucho love
🎙️host du podcast « sans filtres »
💌 iamluum.pro@gmail.com"
@konbini,-1,,"podcastfr",nano,"in pop we trust 🙌 🏄 👽"
@parlemoivrai_,-1,,"podcastfr",nano,"🎙️PODCAST 'Parle-moi vrai' : des épisodes qui résonnent avec ta vie."
@aipod_talk_fr_,-1,,"podcastfr",nano,""
@shanfemmelibre,-1,,"podcastfr",nano,"Femme libre qui parle vrai 🎙️
Mindset • Relation • Argent • Liberté
Pour celles qui refusent de subir leur vie"
@iconic_women.podcast,-1,,"podcastfr",nano,"🎙️ Iconique Women
La voix des femmes inspirantes. 🌟
Instagram: iconicwomen.podcast
Snap: iconic.women"
@parle.en.podcast,-1,,"podcastfr",nano,"Podcast qui raconte la vraie vie 🎧❤️
Suivez-moi pour plus de podcasts ☺️"
@podcast_corpsetesprit,-1,,"podcastfr",nano,"Le média qui prend soin de ta santé physique et mentale 🧡 Format long 👇🏻"
@anthonyomenya,-1,,"podcastfr",nano,"🚀 Lance ton business e-commerce avec l’IA
💼 1500+ accompagnés
👇 Commence ici"
@tchebaloo,-1,,"podcastfr",nano,"Le New Griot : Je raconte la culture
SHOWS : @CKO • @Le Good Times Show"
@just1.07,-1,Just1.07.contact@gmail.com,"podcastfr",nano,"✉️ Just1.07.contact@gmail.com
Prends ton guide 👇"
@youandme.podcast,-1,,"podcastfr",nano,"Welcome to my channel."
@virtus.academie,-1,,"podcastfr",nano,"🎙️ Podcast Virtus
💬 Discussions & expériences sans filtre
💡 Développement perso • société • vie réelle"
@nawletstalk,-1,,"podcastfr",nano,"Naw, Let's Talk🎙️
ma star t'es pas prête...on en parle ou pas?"
@negotium100,-1,Negotium100@altragency.eu,"entrepreneurfr",nano,"Business ressource
Pour collaborer 📩
Negotium100@altragency.eu"
@marcuus_lawrence_build,-1,,"entrepreneurfr",nano,"Compte Fan de Marcus Lawrence

principal : @Marcuus Lawrence
Continue de suivre l'aventure ⤵️"
@risenlisten,-1,,"entrepreneurfr",nano,"🚀 Motivation & Inspiration 🚀"
@freckly.fr,-1,,"entrepreneurfr",nano,"Je pars de 0 pour développer ma marque.
Abonne toi pour savoir la suite..."
@it.entrepreneur,-1,,"entrepreneurfr",nano,"'Laisse le passé, embrasse le futur'📈"
@mycleaners,-1,mycleaners67@gmail.com,"entrepreneurfr",nano,"Mon site pour le materiel est enfin disponible ⬇️
Contact : mycleaners67@gmail.com
Insta : Mycleaner67
Snap : mycleaner67"
@succesfox,-1,,"entrepreneurfr",nano,"Aucune biographie pour le moment."
@imastrofxx,-1,,"entrepreneurfr",nano,"Trader financé +6 chiffres
YouTube: @imastrofx
Va checker ma dernière vidéo pour être rentable en trading"
@christophe.halin,-1,,"entrepreneurfr",nano,"Expert Amazon • Compte Officiel
🇲🇦 Marrakech 🇲🇦
↘️ Mon LIVE Amazon ce dimanche 20h00 ↙️"
@toprak_contentcreator,-1,,"entrepreneurfr",nano,"🏆| J'accompage les business à faire + de vues & + ventes
🌐| Mon Instagram ⇩"
@kika.day.to.day,-1,,"entrepreneurfr",nano,"➡️ | Marketing
🙏🏿 | Ma mère a élevé un big man
IG : @kika.donzinga"
@geomancis_media,-1,,"entrepreneurfr",nano,"Infos Droit 🇫🇷 et Astuces Études
Podcast Huis Clos pour découvrir les métiers du droit ⤵️ DM sur Insta et pas de conseils personnalisés.
Juriste"
@naelsurterre,-1,,"entrepreneurfr",nano,"La vie sur terre de @Nael sous l’eau
Emby & Neuro🌶️
Mon chat est ma divinité"
@infinityviewsagency,-1,,"entrepreneurfr",nano,"🔛 Expert YouTube Automation
✅ + 10 chaînes | 10k/mois passivement
👆 Abonne toi"
@newbusinessesideas,-1,,"entrepreneurfr",nano,"Deviens créateur sans caméra 🎬
💰 Revenu passif, visage caché.
“GO” sur Insta pour savoir comment."
@clement_corselle,-1,,"entrepreneurfr",nano,"INSTA : clement_corselle
Founder and CEO OF DIGICOMARKET
web site⬇️"
@loicbourget.off,-1,,"entrepreneurfr",nano,"Compte secondaire de @loicbourget_

➜ Deviens viral à coup sûr sur les réseaux sociaux avec BEVIRAL :"
@marvin_fbacademie,-1,,"entrepreneurfr",nano,"💰 J’aide les débutants à se lancer sur Amazon
Découvre ma méthode gratuite👇"
@professeur.kennedy,-1,,"entrepreneurfr",nano,"🚀 | Deviens viral grâce à l'IA
🛍️ | On te crée ta boutique E-com en 24H
💰 | Investis ton argent à 11% l'année

⬇️ Ta liberté financière ⬇️"
@sisssyam,-1,siham@irismanagement.fr,"entrepreneurfr",nano,"MAKE UP ARTIST
+ ta prof de makeup&skincare perso ✨
Ig: sisssyam & sisssyamakeup
💌 siham@irismanagement.fr"
@scinemanoli,-1,,"entrepreneurfr",nano,"De Subway à +600k abonnés en 1 an !
Je t'apprends à devenir viral & vivre des réseaux
👇 Regarde la vidéo qui change tout"
@born.for.greatness.04,-1,,"entrepreneurfr",nano,"'Deviens la meilleure version de toi-même 🚀 Motivation💪, Mindset🔥'"
@marcuuslawrencee,-1,,"entrepreneurfr",nano,"Les story complète sur snap
*Marcuuslawrence*"
@sephora.mld,-1,sephoragracepro@gmail.com,"entrepreneurfr",nano,"FASHION & VLOG
Créative Director & Founder Orah Paris
Collab : sephoragracepro@gmail.com
Snap 👻 : Sephora.mld"
@sultanandceos,-1,omarsultan@sultanandceos.com,"entrepreneurfr",nano,"🎙️ Interviews d’entrepreneurs
📩 omarsultan@sultanandceos.com
👑 Rejoins Le Cercle des CEOs & échange avec les entrepreneurs que j’interviewe 👇"
@cashmotivationfr,-1,,"entrepreneurfr",nano,"Motivation | Business | Entreprenariat 🤑"
@thamikabbaj,-1,,"entrepreneurfr",nano,"🥇 CEO TKL Academy depuis 2010"
@widydiop,-1,,"entrepreneurfr",nano,"⏳10 ans d'expérience
🧠mindset
🏢 +30 Biens Immobiliers
👔 8 Sociétés"
@xplkofficial,-1,,"entrepreneurfr",nano,"Trader depuis 8 ans 🏦

Je vous montre tout 👇📱💰"
@maisonrevee,-1,,"entrepreneurfr",nano,"HOME STORE à Levallois-Perret

Déco l Petit mobilier l Lifestyle 🌞"
@_chaaaaachou,-1,,"entrepreneurfr",nano,"@myskinglow.fr"
@manon.bian,-1,manon.onlypro@gmail.com,"entrepreneurfr",nano,"juste une entrepreneuse libre qui voyage grâce a son business 👩🏼‍💻
mon quotidien sur ig : manon.bian
ytb : manon bian
💌 manon.onlypro@gmail.com"
@invest_sam,-1,,"entrepreneurfr",nano,"La persévérance est le chemin de la réussite. 🏆"
@avner_26,-1,Collabavner26@gmail.com,"entrepreneurfr",nano,"Média 🎬
Métiers 👩🏻‍🎓
Salaires 💰
Microtrottoir 🎤
Collabavner26@gmail.com"
@milliardaire.empire,-1,,"entrepreneurfr",nano,"Aucune biographie pour le moment."
@fabiendessaint,-1,,"entrepreneurfr",nano,"Fondateur & CEO GITC AGENCY |
Alibaba Ambassador🥇
gitc-agency.com"
@lebigreornella,-1,,"entrepreneurfr",nano,"Créatrice Code Liberté
IG:@lebigreornella
Salariée perdue à 1/2 million en ligne"
@clipeur_fou480,-1,,"entrepreneurfr",nano,"🎬 Les meilleurs clips 🎬
Merci pour les follows 🔥
#R3NQZM"
@millionsmania,-1,,"entrepreneurfr",nano,"Média
💰 Motivation / Business / Argent
👇 Ebook : 9 hacks pour devenir riche"
@melissande.mk,-1,,"entrepreneurfr",nano,"Créer avec moi ma marque de bijoux 🎀
@Meillaki
Insta: melissande.mk 🩷✨"
@anais.ksla,-1,Anaiskmarketing@gmail.com,"entrepreneurfr",nano,"🔥 Challenge : 0€ → 10K en 90 jours
💻 Je montre comment générer ses premiers revenus
📈 Toi aussi, lance ton business en ligne !
📩 Anaiskmarketing@g"
@faon.x.0,-1,hmcreator.business@proton.me,"entrepreneurfr",nano,"Je t'apprends ce que le système te cache 💰| Décryptage & Finance 🎯 35k
📧 Collab : hmcreator.business@proton.me
👇 Crée ta SASU, Choisis & Optimise "
@digitalsuccesswithalicia,-1,,"entrepreneurfr",nano,"Marketing digital
&
Produits digitaux

ig: @digitalsuccesswithalicia"
@loicbourget_,-1,,"entrepreneurfr",nano,"➜ Deviens viral à coup sûr sur les réseaux sociaux avec BEVIRAL :"
@empreinte.personnelle,-1,,"entrepreneurfr",nano,"Léa | Empreinte Personnelle 💖
✨ Cadeaux & Objets personnalisés
💌 Écris-moi pour une personnalisation
📱 Insta : empreintepersonnelle
Commandez ici �"
@mentalite2brillant,-1,,"entrepreneurfr",nano,"Conseils et Motivations"
@aybhasri,-1,,"entrepreneurfr",nano,"Business international 🌍 Chine 🇨🇳
Fondateur de @startbusinessworld
Les gens font des tonnes et toi tu dors.
👇"
@reneemariame,-1,,"entrepreneurfr",nano,"Soft Life, Hard Work and Happy soul ✨
📺 Host @LifeTok | @Malea
Founder @TRADITIONS | @THE GRILL FACTORY"
@christopher_successful,-1,christopher.ncagency@gmail.com,"entrepreneurfr",nano,"Bien s’habiller, mieux entreprendre 💼
📨 : christopher.ncagency@gmail.com"
@hamzayacoubii,-1,,"entrepreneurfr",nano,"0 à 10k 🆓👇🏽"
@anthonybourbon_,-1,,"entrepreneurfr",nano,"📺 Juré QVEMA sur M6
⚔️ Founder Blast. & O.K.R
💰 Investissez à mes côtés
👇🏻"
@delta_businessschool,-1,,"entrepreneurfr",nano,"La 1ère école postbac dédiée à l’entrepreneuriat & au digital.
Hors parcoursup🚀"
@hakim.benotmane,-1,,"entrepreneurfr",nano,"🌟 Ranked in France’s Top 500 Wealthiest at 30yo
💼 With over $120M in Professional Assets
🏗️ Founder of Nabab-Sobha invest"
@zegrardimitri,-1,,"entrepreneurfr",nano,"✅ Je t'aide à passer les 5000€/mois en 90 jours seulement 👇👇👇"
@alexrafaitin,-1,,"entrepreneurfr",nano,"CEO Père&Fish | Brainlab
Mes Hacks Marketing pour développer ton business👇"
@sossaka1,-1,,"entrepreneurfr",nano,"Ta dose quotidienne de motivation. Mon recueil de citations, Le journal d'une femme puissante, disponible ici ⤵️"
@y0129k,-1,yuri@fromatoztalent.com,"youtubegrowthtips",nano,"outfit repeater, introvert, mama!
nyc
💌 yuri@fromatoztalent.com"
@allison.baek,-1,allison.baek@thestation.io,"youtubegrowthtips",nano,"📍chicago
💌 allison.baek@thestation.io
better on youtube ↓"
@chaymalogs,-1,chayma@pagermgmt.com,"youtubegrowthtips",nano,"for the girls 💋
Montreal
chayma@pagermgmt.com"
@amanda.nak,-1,amandanakanobusiness@gmail.com,"youtubegrowthtips",nano,"📍OC/LA
mindful shopping | intentional living
amandanakanobusiness@gmail.com"
@justinescameraroll,-1,,"youtubegrowthtips",nano,"✨ welcome 2 the BTS of influencing ✨"
@hypergraze,-1,,"youtubegrowthtips",nano,"🎮 Helping Gamers Turn Their Passion into Careers"
@_not.ajay,-1,,"youtubegrowthtips",nano,"🎥 Faceless YouTube Academy | Free Quickstart • Starter Guide • Masterclass ↓"
@aliabdaal,-1,,"youtubegrowthtips",nano,"👨‍⚕️ Doctor-turned-Entrepreneur + Productivity Expert + YouTuber (6M+ Subs)"
@bigbeefwelly,-1,wellingtontaruvinga888@gmail.com,"youtubegrowthtips",nano,"Atlanta📍
wellingtontaruvinga888@gmail.com

Youtube: Kingpin
IG: Wellasspam"
@thesamanthajd,-1,hello@sociallysamantha.com,"youtubegrowthtips",nano,"WFH wife of a wife💫💻🏳️‍🌈
late dx adhd + autism🧠🌱✨
audhd | pmdd | ugc creator | youtube
Yt: thesamanthajd
💌hello@sociallysamantha.com"
@srclip00,-1,,"youtubegrowthtips",nano,"Follow for more Content$ 📍USA"
@makefy7,-1,,"youtubegrowthtips",nano,"The perfect solution to get views on YouTube
Link:
makefy.co"
@tubegrowthlab,-1,,"youtubegrowthtips",nano,"Helping You🫵 To start Yt Automation & Making First Online Money💰🙏"
@arnas.st,-1,,"youtubegrowthtips",nano,"❖ I help 9–5 workers build passive income on YouTube

IG: @arnas.st"
@designlabwithg,-1,,"youtubegrowthtips",nano,"helping you do cool stuff and monetize w/ ai ✨
workflows, tools, ads, & experiments
welcome to my creative lab 🧪
More fun on Ig ➡️ Designlabwithg"
@tess.barclay,-1,Tess@busyblooming.ca,"youtubegrowthtips",nano,"Running social media's office!! ✨💅🏻📲🎙️
BUSY BLOOMING PODCAST!!
💌Tess@busyblooming.ca | Toronto"
@itsthejadeplant,-1,contact.thejadeplant@gmail.com,"youtubegrowthtips",nano,"🌷I make genshin videos
🐸Art shop, Links👇🏻
💌 contact.thejadeplant@gmail.com"
@zoeunlimited,-1,contact@zunlimited.co,"youtubegrowthtips",nano,"your marketing bestie
3.4M YT
💌contact@zunlimited.co
👇5yr branding notes"
@twayne300,-1,Booking@twayne.com,"youtubegrowthtips",nano,"Artist | Coach | YouTuber
Booking@twayne.com
Music Reviews 7 Am Central
Submit Music
⬇️⬇️⬇️"
@the_maafia,-1,,"youtubegrowthtips",nano,"Up and coming content creator!
YouTube: Maafia
Twitch.tv/Maafia"
@youtubetips3655,-1,,"youtubegrowthtips",nano,"Financial tips and tricks to help grow money on your trees!"
@thetoniaffect,-1,collabs@thetoniaffect.com,"youtubegrowthtips",nano,"A Girl in her 30s Living by her Own Timeline🌹
📍MO
📧 collabs@thetoniaffect.com"
@misscuddy,-1,missscuddy@gmail.com,"youtubegrowthtips",nano,"🇳🇬📍LA
Beauty, Fashion, & Travel
Facebook: Misscuddy
Instagram: misscuddy
💌missscuddy@gmail.com"
@tichina.marie,-1,chinamariebusiness@gmail.com,"youtubegrowthtips",nano,"beauty • lifestyle • giggling lol
📍mississippi
chinamariebusiness@gmail.com"
@stasia444_,-1,,"youtubegrowthtips",nano,"Currently off of social media to document reprogramming my brain + identity in real time, see u soon 🤍
Too Aware for This Podcast ⬇️"
@stunnazlive,-1,,"youtubegrowthtips",nano,"I Don't sell course 🤝
Join my community 👇🏽
For mentorship: WhatsApp +2348166338524"
@modupe_falade,-1,hellomo.falade03@gmail.com,"youtubegrowthtips",nano,"Video editor | Coach
Helping Creators + Brands edit videos that SELL
📧hellomo.falade03@gmail.com"
@haydarharry,-1,Haydarharry1@gmail.com,"youtubegrowthtips",nano,"◌ Simplifying Content Creation For You
◌ I Manage Brands & Content Creators
📩Haydarharry1@gmail.com"
@rixirising,-1,,"youtubegrowthtips",nano,"helping brands + creators thrive ❤️‍🔥
👇🏼Join The Content Accelerator Program"
@future.billionaire2036,-1,,"youtubegrowthtips",nano,"'Dreaming big, working harder.
If you want to be successful one day, check out my showcase.'"
@katiesteckly,-1,,"youtubegrowthtips",nano,"YouTuber, entrepreneur, sometimes vanlifer | 🎥 YouTube.com/Katie"
@stridahsangels,-1,stridahsangels1@gmail.com,"youtubegrowthtips",nano,"Business inquiries
stridahsangels1@gmail.com
https://discord.gg/Vzfa42WyMf"
@cursivewind,-1,collabs@maneagency.com,"youtubegrowthtips",nano,"🇹🇿 🇧🇮 ☼ multi-hyphenate creative
📍chicago
represented by @mane. agency collabs@maneagency.com"
@liv.social,-1,livsocialhelp@gmail.com,"youtubegrowthtips",nano,"📍Kansas City || 24
working in sports + side quests

💌livsocialhelp@gmail.com💌"
@youtubemoneywithrico,-1,,"youtubegrowthtips",nano,"💰Message me

👇👇👇

+2349060397907"
@babbastefan,-1,,"youtubegrowthtips",nano,"🎬 schleimfreies Video Marketing
für Selbständige
🔴 seit 2013
⬇️ 0€ PDF"
@xarabboom,-1,,"youtubegrowthtips",nano,"Main: @Xara"
@techybhai_,-1,alithegreat013@gmail.com,"youtubegrowthtips",nano,"💻 Tech Tips
👨‍💻 FREE Tools

➡️Buisness Email
alithegreat013@gmail.com"
@famester.social,-1,,"youtubegrowthtips",nano,"🚀 Skyrocket Your Socials ⬇️"
@prod.segwayextras,-1,,"youtubegrowthtips",nano,"Producer, Cali 🌉"
@highlightclicks,-1,,"youtubegrowthtips",nano,"“You thought the last one was bad… ☠️"
@k8lynnsparby,-1,kaitlynnsparby@gmail.com,"youtubegrowthtips",nano,"posting my double life
college | business owner
☁️📖🪩🎧🗞️
💌collabs: kaitlynnsparby@gmail.com"
@vasimwil5jo,-1,,"youtubegrowthtips",nano,"YouTube Content Creator 🎬
Daily helpful videos 🚀
👉 youtube.com/@shazilismail-w2u"
@angelinakhang,-1,akhang810@gmail.com,"youtubegrowthtips",nano,"lifestyle • fashion • food
💌: akhang810@gmail.com
(LINKS) ↓"
@hercontentempiree,-1,,"youtubegrowthtips",nano,"Pink Collar Girly🎀
I Help Creators Grow Their Platforms, Build Influence & Secure Paid Brand Deals
Book Your Free Consultation Call↓"
@joshboyd._,-1,,"youtubegrowthtips",nano,"i love God and making videos
5B+ views edited online

IG: joshuaboyd._
All Socials + Storefront ⬇️"
@jonathan.creator.tips,-1,,"youtubegrowthtips",nano,"Helping Content Creators grow on social and youtube 📈

See my YouTube 👇🏾"
@1tmo.jayy,-1,,"youtubegrowthtips",nano,"2️⃣3️⃣
🏳️‍🌈"
@jmavmedia,-1,maverikmediaco@gmail.com,"youtubegrowthtips",nano,"creator tips | stream growth | monetization
Full Time Creator/Streamer @Jake Maverik 🚀
maverikmediaco@gmail.com"
@luke.static,-1,,"youtubegrowthtips",nano,"I use NexLev 📚"
@ray_fu,-1,hello@raycfu.com,"youtubegrowthtips",nano,"Follow to learn Tech/AI
👨🏻‍💻 Ex Meta senior swe
🎓 Duke | NYC
✉️ hello@raycfu.com
All my guides👇"
@ibrahim.kamara314,-1,,"youtubegrowthtips",nano,"Aucune biographie pour le moment."
@mementoe_yt,-1,,"youtubegrowthtips",nano,"1M+ on YouTube 😋
Banned on Tiktok at 3.6M 🥹"
@paula.inreallife,-1,trulypaulabrand@gmail.com,"youtubegrowthtips",nano,"20 | 💌trulypaulabrand@gmail.com"
@yoragitech,-1,,"youtubetips",nano,"Hi, ich bin Ragi, auch bekannt als Yoragitech!"
@bravetech.ai,-1,thiago@graytalent.co.uk,"youtubetips",nano,"› Tech & Al tips made simple
› Useful Tech and Al tools
thiago@graytalent.co.uk"
@setupspawn,-1,setupspawn@gmail.com,"youtubetips",nano,"PC Enthusiast and Creator
Biz: setupspawn@gmail.com
👇 More Powerful Stuff"
@ameerahtomi,-1,ameerahtomi@gmail.com,"youtubetips",nano,"MY SPAM ➡️ @.
💌 ameerahtomi@gmail.com
I only have TWO accounts !"
@lephareduweb,-1,,"youtubetips",nano,"🔆 Naviguez sur le web avec clarté 🛜
1 vidéo / jour, abonnez-vous !"
@myfirstmilpod,-1,,"youtubetips",nano,"Official Account for the My First Million Podcast
🔥 takes on startups & biz"
@contentcandy.co,-1,,"youtubetips",nano,"Content you crave, strategy that sticks 🍬
for creative CEOs building their personal brand"
@sydneynicoleugc,-1,sydney@mohnimakerugc.com,"youtubetips",nano,"♠️ UGC Expert
🍒 I help women make $5-10k/mo w/ UGC
💋DM “TIKTOK” on IG for info
💌 sydney@mohnimakerugc.com"
@okaynotts,-1,nothilemm@outlook.com,"youtubetips",nano,"24🪩🍒
(know-tee-leh)
my little creative corner
💌nothilemm@outlook.com"
@kai2_yta,-1,,"youtubetips",nano,"YT AUTOMATION"
@luzminellysocial,-1,LuzMinellysocial@gmail.com,"youtubetips",nano,"🚀 Social Media Monetization & growth
Collabs: 👇🏼
📧LuzMinellysocial@gmail.com"
@theblessingholyfield,-1,write2ed.bliss@gmail.com,"youtubetips",nano,"Helping creators Grow, Edit & Monetise online
📈AI • Editing • Creator Tips | Courses & Community”👇
Work with me⤵️
📩 write2ed.bliss@gmail.com"
@iphopad_,-1,team.iphopad0@gmail.com,"youtubetips",nano,"Follow For daily Tech Tips 🤯🔔
📩 team.iphopad0@gmail.com
🚀The face less growth system 👇🏼"
@twochaptersahead,-1,,"youtubetips",nano,"YouTube Coach & Mentor 🔥
#TwoChaptersAhead"
@joshtriesit,-1,,"youtubetips",nano,"Trying stuff, so you don't have to."
@madameb0nplan,-1,,"youtubetips",nano,"🏴‍☠️🐀 Astuces & bons plans

Go discord pour des exclus 👀 (lien en bio)

Je parle tech ici : @madametech"
@bakanekoz,-1,bakatech@goldeninfluence.com,"youtubetips",nano,"Abonne-toi pour plus d'astuces Tech ! 👨🏻‍💻
📧 bakatech@goldeninfluence.com"
@p_vanstraaten,-1,,"youtubetips",nano,"Sharing BTS & Unique Creator Learnings
Co-founder @appledsign | Apple Expert"
@nathan_nrgt,-1,contact@nathaan.me,"youtubetips",nano,"Une question sur l’informatique ? Viens sous mes vidéos !
contact@nathaan.me"
@adobe,-1,,"youtubetips",nano,"Empowering everyone to create. ✨"
@callmepiuscasse,-1,,"youtubetips",nano,"Faceless YouTube & TikTok Automation 💰 AI tools, monetization & growth 🚀
Learn to earn without showing face
👇 Join Telegram for full system 📲"
@.adv1ce4u_,-1,,"youtubetips",nano,"this was fun🤣"
@ummmfox,-1,ummmfoxllc@gmail.com,"youtubetips",nano,"tech, gaming, & live streaming education
📍SC
✉️ ummmfoxllc@gmail.com"
@stuniiapp,-1,,"youtubetips",nano,"Your City, Your Deals
📲Localised Student Discount App"
@baddieinbiz,-1,,"youtubetips",nano,"HELP ME HIT 900K TODAY! 📈
Here to Inspire, Uplift & Educate🧠
Youtube HERE To Learn!⬇️💰"
@bouganneclip,-1,,"youtubetips",nano,"Aucune biographie pour le moment."
@gulfam_info,-1,,"youtubetips",nano,"🔧 Tech Tips | Mobile Fixes | Mobile Tricks
💡 How-To & App Tutorials
📩 Collabs & Contact"
@christelleangelexo,-1,thatgirlchristelle@gmail.com,"youtubetips",nano,"† | ATL 💌 | YouTuber🎥
thatgirlchristelle@gmail.com
here to love & inspire 💕"
@vaibhavv.ai,-1,vbharts@gmail.com,"youtubetips",nano,"Business - vbharts@gmail.com
Facebook: Vaibhav Ai
Instagram: vaibhavv.ai"
@arrihella,-1,,"youtubetips",nano,"main account @arriiiixo
🥰"
@thevanessakay,-1,vanessabucknor@icloud.com,"youtubetips",nano,"atl ⚖️💁🏽‍♀️🫧
✉️: vanessabucknor@icloud.com
sub to my youtube ⬇️"
@bptagency,-1,,"youtubetips",nano,"L’agence marketing de la nouvelle génération
Lien vers StaffMe Academy ⬇️"
@polarxbp,-1,,"youtubetips",nano,"사랑해
Im still connected 🤍
other acc @r&c"
@lopeztips,-1,lopeztips534@gmail.com,"youtubetips",nano,"Business 💌: lopeztips534@gmail.com"
@md72_ytb,-1,,"youtubetips",nano,"Venez sur le serveur DISCORD 🎮"
@onlinemarketinges,-1,,"youtubetips",nano,"💬 ➤ Minden üzenetre válaszolok Instagramon
🏆 ➤ Olvasd magad a Top 1%-ba a KönyvKlubbal!
👇🏼 ➤ Próbáld ki 7 napig ingyen!"
@jointhelobby,-1,,"howtogrowonyoutube",nano,"Join The Lobby

↘️CLICK HERE FOR FULL PODCAST↙️"
@kxleesky,-1,kxleeskybusiness@gmail.com,"howtogrowonyoutube",nano,"📍NYC
🫧 Lifestyle, Beauty, Pop-Ups
📧 kxleeskybusiness@gmail.com"
@drpc_officiel,-1,contactdrpc001@gmail.com,"howtogrowonyoutube",nano,"🟡 WINDOWS & PERFORMANCES
🔵 ici on s'entraide tous dans les commentaires. ✉️ : contactdrpc001@gmail.com"
@vibewithnene,-1,Thehiddengemsco1@gmail.com,"howtogrowonyoutube",nano,"✨Wfhm+ Lifestyle + Foodie✨
💌:Thehiddengemsco1@gmail.com"
@affil.shorts,-1,,"howtogrowonyoutube",nano,"🔥📲 Maximisez vos gains en ligne sans avoir besoin de milliers d'abonnés !"
@phinnyblx,-1,,"howtogrowonyoutube",nano,"british goofball 🇬🇧
roblox side quests
more of me ⬇️"
@vidiq.tiktok,-1,,"howtogrowonyoutube",nano,"The #1 way to grow faster on
YouTube and Instagram
Tap below to try it for free"
@austingeorgas,-1,,"howtogrowonyoutube",nano,"Just dropping what's top of mind"
@getriccardo,-1,info@getriccardo.com,"howtogrowonyoutube",nano,"Creator of a better tomorrow
Ambassador TradeRepublic.com
info@getriccardo.com"
@techbysami,-1,,"howtogrowonyoutube",nano,"Exploring creative tech"
@mike_thurston,-1,,"howtogrowonyoutube",nano,"The guy from YT (1.6M subs)
Daily fitness tips on how I stay in shape!👇"
@ytlifewithjeanette,-1,,"howtogrowonyoutube",nano,"ig: itsjean.xo
youtube: lifewithjeanette
houston, texas"
@quentell,-1,,"howtogrowonyoutube",nano,"Ig: Quentell_
Miami 🏝️"
@duncanrogoff,-1,,"howtogrowonyoutube",nano,"The AI systems behind 200k+ followers and $250k+ in content revenue.👇"
@tyeisha.shardae,-1,tyeishashardae@gmail.com,"howtogrowonyoutube",nano,"Love My Boys 🤎 | 2x Mom

✨Navigating Motherhood | Beauty | Lifestyle ✨
💌 | tyeishashardae@gmail.com
📍| Orlando, FL"
@julia.huynh,-1,juliachuynh@gmail.com,"howtogrowonyoutube",nano,"LA but will go anywhere and everywhere ★
juliachuynh@gmail.com"
@destiny.cazeau,-1,destinycazbusiness@gmail.com,"howtogrowonyoutube",nano,"Life in my 20s✨ *unfiltered*| FL☀️
💌destinycazbusiness@gmail.com"
@shortyshayla_,-1,SurelyShayla@gmail.com,"howtogrowonyoutube",nano,"📍 Pittsburgh | A lil bit of dis a lil bit of dat🌸
💌 Collabs: SurelyShayla@gmail.com"
@mrkenalozie,-1,,"howtogrowonyoutube",nano,"European-based sound engineer, a musician, a digital teacher & a content creator."
@astonemmm,-1,astonemonline@gmail.com,"howtogrowonyoutube",nano,"NYC.
This is what survival looks like.
astonemonline@gmail.com"
@leiman.ai,-1,,"howtogrowonyoutube",nano,"Aucune biographie pour le moment."
@may0kun1,-1,Wealthymayo@gmail.com,"howtogrowonyoutube",nano,"Discover,question and evolve
For business email me
Wealthymayo@gmail.com"
@neliabedilia_,-1,neliabedilia@gmail.com,"howtogrowonyoutube",nano,"Gym Girlie🏋🏽‍♀️
Natural Hair 🌱
Lifestyle✨
💌 neliabedilia@gmail.com
Links↓"
@aureliadawn4,-1,,"howtogrowonyoutube",nano,"18+
linktr.ee/"
@dannydipietro,-1,,"howtogrowonyoutube",nano,"💻 E-commerce & Integrazione 🌿
Aiuto persone a creare un reddito online grazie al Social Commerce.
Compila il modulo e collabora con me ⬇️⬇️⬇️"
@trendtokapp,-1,,"howtogrowonyoutube",nano,"Alerting you on the newest trends‼️

How do we find these?

See below 👇"
@koisinapond,-1,,"howtogrowonyoutube",nano,"Podcast Episodes every Wednesday on YT and Spotify! 🪷🐸 Watch 👇👇"
@tjbrutalcustoms,-1,,"howtogrowonyoutube",nano,"The original Honda Shadow Bobber Authority - Get into it SHOPTJBC.COM"
@thedavidifaola,-1,,"howtogrowonyoutube",nano,"Creative Professional
Click the link ⤵️"
@muhammadarfan1_,-1,,"youtubestrategy",nano,""
@armando_siwak,-1,,"youtubestrategy",nano,"Aucune biographie pour le moment."
@daniel.2chill,-1,,"youtubestrategy",nano,"Aucune biographie pour le moment."
@young_bn,-1,,"youtubestrategy",nano,"206📍🇹🇴"
@jesse.n_043,-1,,"youtubestrategy",nano,"."
@h.a.u.a.e,-1,,"youtubestrategy",nano,"Born to fly, From dreams to the cockpit ✈️"
@itsmodernmillie,-1,collab@itsmodernmillie.com,"youtubestrategy",nano,"700k+ on YouTube
Personal: @itsmillieadrian
collab@itsmodernmillie.com
Creator resources👇🏽"
@jrenee19_,-1,jordanrenner00@gmail.com,"youtubestrategy",nano,"Everyday fashion, beauty, and lifestyle
Bay Area
PR | Collab💌 jordanrenner00@gmail.com"
@orichaephraim,-1,,"youtubestrategy",nano,"YouTube Monetization Coach 🇳🇬
Helping creators build & stay monetized
7× YPP Approvals | 100K+ channel growth
Channel Audits & Mentorship ↓"
@chantel.simone,-1,,"youtubestrategy",nano,"Creator Ally & Career Choreographer
Career | Leadership | Marketing
MBA 🤓"
@goteemaz,-1,,"youtubestrategy",nano,"Youth Ministry & Student Leadership Coach teaching you to radically change YM✝️"
@ari.creates.stuff,-1,,"youtubestrategy",nano,"💜YouTube growth tips for other small creators
YT Subscriber count: 7,806
https://arisaystuff.gumroad.com/l/youtubestarterpack"
@thiscontentgame,-1,,"youtubestrategy",nano,"Listen on YouTube, Apple Music & Spotify."
@tunepocket,-1,,"youtubestrategy",nano,"Unlimited music for videos, podcasts, apps, and free AI tools for members."
@theoryofyoutube,-1,,"youtubestrategy",nano,"I help people turn their passion into success on YouTube"
@tribeagency,-1,,"youtubestrategy",nano,"Brand Consultancy✨ I Digital Marketing I Social Media Management ⬇️ Brand BFF"
@hammadhamid0426,-1,,"youtubestrategy",nano,"Helping you in learning easy Skills for Earning
visit my YouTube Channel 👇"
@kraigpruett,-1,,"youtubestrategy",nano,"Subscribe on YouTube // Director & Producer // Portland OR"
@seniortuber,-1,,"youtubestrategy",nano,"See where Mature creators go to optimize & monetize their YouTube channel"
@mrbeastmate,-1,,"youtubestrategy",nano,"Mr Beast Clips 🎥
Follow and
Learn the SECRETS of Mr. Beast!
78/10.000 Follows!"
@makemoneymatt,-1,,"youtubestrategy",nano,"📈 12+ YouTube channels 📈
💸 Helping YOU With Online Biz💸
👇 FREE TRAINING 👇"
@kratoss.ia,-1,Kratoss.ia22@gmail.com,"youtubestrategy",nano,"🤖| conseils et outils I.A.
🚀| astuce rapide
📱| Colab : Kratoss.ia22@gmail.com"
@natefredetee,-1,natefredettehorror@gmail.com,"youtubestrategy",nano,"follow for horror content
🔪🖤
natefredettehorror@gmail.com"
@kd.simmons,-1,,"youtubestrategy",nano,"blasian//24"
@lilianna.sophia,-1,,"youtubestrategy",nano,"ig: lilyxgianas
🇬🇷"
@michelleelizal,-1,michelleelizal@gmail.com,"youtubestrategy",nano,"✧˖°.⁺‧˚ NYC ˚‧⁺ ✧˖°.
lifestyle • wellness • marketing girly
💌 michelleelizal@gmail.com"
@bogdanwycieknews,-1,,"youtubestrategy",nano,"💰 Bonusy za zakładanie kont bankowych
🏦 Revolut • Pekao • Santander itd
📲 nawet kilkaset zł na start
✉️ Napisz INFO w DM"
@not.laughter,-1,,"youtubecreator",nano,"100k+ on Insta
Sharing funny & Relatable content"
@mycie.violett,-1,mycie.violett@gmail.com,"youtubecreator",nano,"living abroad & other things
I'm also @mv.shopaholic
💌mycie.violett@gmail.com"
@ch4rlottetv,-1,,"youtubecreator",nano,"charlotte!
uk yt edits
moots??"
@grownwomaninababytee_,-1,grwm.in.a.baby.tee@gmail.com,"youtubecreator",nano,"Rachel Springer ⭐️ UT
Comparison is the thief of joy!!
🐴 Instagram: @grownwomaninababytee

💌:grwm.in.a.baby.tee@gmail.com"
@manahilky,-1,,"youtubecreator",nano,"Aucune biographie pour le moment."
@nicolelaeno,-1,nicolelaenoteam@gmail.com,"youtubecreator",nano,"stay positive⋆˚🎀˚⋆
💌 nicolelaenoteam@gmail.com"
@top_5_w0rld,-1,,"youtubecreator",nano,"top expensive things detail"
@efacts5,-1,,"youtubecreator",nano,"Let’s get 100k followers!
CEO of urban legends from each country!!!
Follow my instagram⬇️"
@wiame.2,-1,,"youtubecreator",nano,"Vrai compte
Compte prv:@wiwi_prv🌷
Ont vise les 1k svp"
@lucie_baker,-1,luciecamillabaker@gmail.com,"youtubecreator",nano,"habits + routines for well being
based in London
luciecamillabaker@gmail.com"
@strawberryxluck,-1,,"youtubecreator",nano,"⋆.𝟗 𝐭𝐞𝐞𝐧 | 𝐈𝐧𝐟𝐩˙✧.
𝐃𝐢𝐠𝐢𝐭𝐚𝐥 𝐃𝐢𝐚𝐫𝐲
˙✧ 私の夢˚.⋆
🍡🎧"
@hallo.alyssa,-1,camsalyssa10@gmail.com,"youtubecreator",nano,"🩷 CONTENT CREATOR 🩷
✨ YT: 66K+ ✨
💌 PR: camsalyssa10@gmail.com 💌
💋 16"
@damien.rsl,-1,damien.collaboration@gmail.com,"youtubecreator",nano,"compte spam @damien.spam
Contact📩 damien.collaboration@gmail.com"
@girlnextsh0re,-1,natalie@nurturebabyphotography.com,"youtubecreator",nano,"🇯🇵🇨🇺
LA 🪐 for yapping + fashion funsies
ig: nurturephotography🐚
natalie@nurturebabyphotography.com"
@amberdolldoesitall,-1,,"youtubecreator",nano,"LA🦄 • Mommy • Proffesional Thrifter • Lover of life and all things beautiful ♥️"
@rogers_inc,-1,Tjcoolk12@gmail.com,"youtubecreator",nano,"Contact me here⬇️
Tjcoolk12@gmail.com
High jump: 2.10m
Long jump: 7.72m
IG: Yungtrd"
@jasunzel,-1,,"youtubecreator",nano,"atl
silly little tiktoks"
@kyootlittle_content,-1,,"youtubecreator",nano,"Inspirational Vibes 💕"
@sebintel,-1,,"youtubecreator",nano,"Main page @Sebastien Jefferies
Try MEDEO AI 30 days PRO + 300 credits.
Code : SEBASTIEN 👉"
@rubycreatesagain,-1,rubycreatesinquiries@gmail.com,"youtubecreator",nano,"politics and philosophy student👩🏼‍🎓
21k+ on main @rubycreates !
new account
rubycreatesinquiries@gmail.com
💚💚"
@jesshernandezx,-1,jesshernandezx11@gmail.com,"youtubecreator",nano,"🍸 Holy Yap
📧 jesshernandezx11@gmail.com"
@katrinamartin_,-1,itskatrinamartin@gmail.com,"youtubecreator",nano,"find me on IG 🫶🏼 @katrinaa.martin
Vancouver, BC
💌: itskatrinamartin@gmail.com"
@elvuzzzz2,-1,,"youtubecreator",nano,"No that is NOT Rope Hero in my pfp (anymore)"
@soppy.com,-1,sophiebillingx@gmail.com,"youtubecreator",nano,"IG: soppyx
sophiebillingx@gmail.com"
@judemanguee,-1,pro.judemangue@gmail.com,"youtubecreator",nano,"⭐️
je fais des vlogs sur youtube :)
✉️pro.judemangue@gmail.com"
@petiteargentine__,-1,,"youtubecreator",nano,"Handpoke tattoo
🪲🍒🧉🧸💌
Insta: @petiteargentine_

✷ Lyon ✷"
@morewaterboyz,-1,waterboyzonTT@gmail.com,"youtubecreator",nano,"Claim your OG Ticket!🎫⬆️
More of @waterboyz
Talking about EVERYTHING
📧 waterboyzonTT@gmail.com"
@ivymonaeyt,-1,ivyadams57@gmail.com,"youtubecreator",nano,"☦︎︎
self promo acc
💌: ivyadams57@gmail.com
yt: Ivy Monae'"
@oliviaffraser,-1,oliviaffraser@gmail.com,"youtubecreator",nano,"🎀💗💫
Fort Lauderdale, FL
beauty & lifestyle vlogs
YouTube: Oliviaffraser
💌oliviaffraser@gmail.com"
@chumwastaken_,-1,chumsquared44@gmail.com,"youtubecreator",nano,"Creators and internet culture ▶️
chumsquared44@gmail.com 📩
Find Me On Youtube ⬇️"
@waifuvioletclips,-1,,"youtubecreator",nano,"Violet Myers Fan Page 💜"
@mara.mcginnis,-1,mara@hermanaagency.com,"youtubecreator",nano,"journaling, crafts, cozy hobbies! 🎧📚📓
mara@hermanaagency.com //📍Seattle
✨ shop my supplies & more ↓"
@humaisbhai,-1,,"youtubecreator",nano,"📌 A to Z Complete Guidance
🔗 YouTube & WhatsApp Links👇"
@humaishbhai4,-1,,"youtubecreator",nano,"UK 🇬🇧 & USA 🇺🇲 Account banana ka Liya YouTube channel par jayan 👇"
@tiktokcreators,-1,,"youtubecreator",nano,"The official account for TikTok Creators who inspire creativity and bring joy ✨

⬇️ Creator Growth Challenge 💰⬇️"
@michaye.x,-1,,"youtubecreator",nano,"All things growth 🌼

MICHAYE.COM"
@namishizuku,-1,,"youtubecreator",nano,"quiet Life 🍵🍰🎐
🫶🏻
Pinterest: Evelgirly"
@imanthropomorphized,-1,,"youtubecreator",nano,"🍀⟡˖ ࣪"
@kaylamzaa,-1,kaylamzabusiness@gmail.com,"youtubecreator",nano,"25 | Bay Area, CA
🦋🪽💞⭐️🫧🧸
i kinda do it all
💌: kaylamzabusiness@gmail.com
mgmt: business@saigeenterprises.com"
@daratheyoutuber,-1,Darasocialcontent@gmail.com,"youtubecreator",nano,"Darasocial on YouTube
Darasocialcontent@gmail.com
Craziest ASMR Reactions"
@tyemonet,-1,,"youtubecreator",nano,"daughta of Christ."
@nlknikki,-1,nikolettalyah@gmail.com,"youtubecreator",nano,"fashion, nails, beauty & bridal👰🏽‍♀️
VA
🇵🇷💋🇬🇷
nikolettalyah@gmail.com"
@_vanessaromex,-1,vanessaromex@gmail.com,"youtubecreator",nano,"Bits of my camera roll 💌 vanessaromex@gmail.com"
@thecreatorfinder,-1,,"youtubecreator",nano,"Discover YouTube's hidden gems."
@sydwingold,-1,syd@counterculture.agency,"youtubecreator",nano,"life is more fun in character 🤪
IG: @sydwingold
syd@counterculture.agency"
@lifewmiahhh,-1,miahhroman07@gmail.com,"youtubecreator",nano,"📍 fl
lifestyle | fashion | hair | modeling
💌: miahhroman07@gmail.com -collabs+promos
ig: lifewmiahhh__ | BA: @Bubble Skincare"
@randomdailytierlists,-1,,"youtubecreator",nano,"i do this when I'm incredibly bored"
@themercydiaries,-1,,"youtubecreator",nano,"my digital diary 📷🎞️
vlogs | lifestyle | inspiration ⟡
YouTube: mercyxboafo"
@.ambergracexo,-1,ambergracee27@gmail.com,"youtubecreator",nano,"beauty | hauls | vlogs
💌 - ambergracee27@gmail.com
(kinda secret)
. ✦ ݁ ˖"
@promisemakeup_,-1,Pro.promisemakeup@gmail.com,"youtubecreator",nano,"Que du makeup de giga qualité ici 🫶🏻

Pr/Collab : Pro.promisemakeup@gmail.com"
@asbytofficial,-1,,"youtubecreator",nano,"Bringing you exclusive new tech!"
@bloombergbusiness,-1,,"youtubecreator",nano,"Covering the business world like no one else."
@emilychangtv,-1,,"youtubecreator",nano,"Host and Executive Producer of “The Circuit” on Bloomberg Originals"
@ukclipzzcentral,-1,,"youtubecreator",nano,"Aucune biographie pour le moment."
@renee.willss,-1,renwwills@gmail.com,"youtubecreator",nano,"UK🇬🇧|for the gworls!💋
lifestyle • beauty • selfcare
💌 • renwwills@gmail.com
Sub to the YT↓"
@f1ywhit3guy,-1,,"youtubecreator",nano,"Statue of"
@asherashey,-1,,"youtubecreator",nano,"Dc: asherashey
Rbx: asherashy123"
@vanilbean,-1,,"youtubecreator",nano,"YT: vanilbean
IG: vanilbeanz
💖i will choose kindness every time💖"
@vidjournal,-1,vidjournalinquiries@gmail.com,"youtubecreator",nano,"cute little video journal
📌 dm for pinterest
✉️ - vidjournalinquiries@gmail.com"
@jordananais_,-1,contact@jordananais.com,"youtubecreator",nano,"designer
london / marbella
contact@jordananais.com"
@chocolatandvanillah,-1,chocolatandvanillapro@gmail.ccom,"youtubecreator",nano,"Souriez :)
💌 mail pro : chocolatandvanillapro@gmail.ccom"
@htxslimeyzah,-1,,"youtubecreator",nano,"Htx
The Slimiest."
@loopyoshioka,-1,,"smallyoutuber",nano,"⊹ꕀ⊹୨✦𝄞୧⊹ꕀ⊹ 🍡🌼⭐️🍰
digital diary ₊˚ lifestyle ₊˚ soft
(*ᴗ͈ˬᴗ͈)ꕤ*.ﾟall socials @loopyoshioka"
@202kingsleyy,-1,kingsley.inquiries2025@gmail.com,"smallyoutuber",nano,"DC📍
Got bored so I got a camera.
SUBSCRIBE
📩kingsley.inquiries2025@gmail.com"
@digi.dots,-1,,"smallyoutuber",nano,"YT intro/outro Templates Below 💻💗
Commissions Closed"
@ytcara,-1,,"smallyoutuber",nano,"i make content on youtube 🪞🥂
˙✧˖°📷 ༘ ⋆｡˚"
@yesiluvmari_,-1,,"smallyoutuber",nano,"SUPPORT 'CRIMSON' ⬇️"
@tabstar_,-1,,"smallyoutuber",nano,"26
⭐️You found me⭐️
@tabstarr on YouTube!"
@justinturvy,-1,Trazeegg@gmail.com,"smallyoutuber",nano,"IG Theme Page Coach

📧: Trazeegg@gmail.com"
@whysoseriousant,-1,,"smallyoutuber",nano,"Aucune biographie pour le moment."
@lilyslone_,-1,lilysloneofficial@gmail.com,"smallyoutuber",nano,"Chicago
Life style•Fashion•Concerts
💌:lilysloneofficial@gmail.com"
@tygameon,-1,,"smallyoutuber",nano,"Just vibin & gaming 🎮"
@symeon2707,-1,symeon2707@gmail.com,"smallyoutuber",nano,"Niche: me 💐
Philippians 4:13
Slow motion is better than no motion 📷
📧:symeon2707@gmail.com."
@katzspies,-1,katrina.tapnio04@gmail.com,"smallyoutuber",nano,"₊✩‧₊video diaries ₊✩‧₊
Nursing student 👩🏽‍⚕️
💌: katrina.tapnio04@gmail.com"
@4idiotzzz,-1,,"smallyoutuber",nano,"Youtube-@The4idiotzzz
if u know us go away xx"
@holly._.noelle,-1,hollystrawberry2007@gmail.com,"smallyoutuber",nano,"💌 hollystrawberry2007@gmail.com
19 years old
Click link below to purchase Firmoo glasses! Code: HZNH50
✝️💕"
@ashlynmichelyt,-1,ashlynmichelb@gmail.com,"smallyoutuber",nano,"i like to make youtube videos
louisiana
💌ashlynmichelb@gmail.com"
@jayywoke,-1,,"smallyoutuber",nano,"just wanna make peoples day with my videos"
@tamaurrajones,-1,,"smallyoutuber",nano,"ayee we at 600!!🫧💕
ig:Tamaurraxjones
YT:Tamaurrajones
@icedbyteetee"
@a.manda.m,-1,amaniraho421@gmail.com,"smallyoutuber",nano,"Montreal
fashion | beauty | my life
💌 amaniraho421@gmail.com"
@ltsmee_kk,-1,,"smallyoutuber",nano,"yt:ltsmee_kk
Ig:hisfinestez"
@zxeliza,-1,,"smallyoutuber",nano,"ig:hisfinestez"
@ohthats_m4ria,-1,itsjustmariama.j@gmail.com,"smallyoutuber",nano,"Subscribe to mariama! on YouTube🎬
💌: itsjustmariama.j@gmail.com"
@ysabel.ruby,-1,,"smallyoutuber",nano,"Aucune biographie pour le moment."
@shivadayani,-1,,"smallyoutuber",nano,"video editor | content creator ⋆˚࿔
living one side quest at a time!
dmv"
@justtjaydaa13,-1,ajaydanevaeh@gmail.com,"smallyoutuber",nano,"chi → atl
my digital diaryy
@ajayda 🍃. is my main
💌: ajaydanevaeh@gmail.com
just bhs, video promo & random dumps"
@felfeliceee,-1,,"smallyoutuber",nano,"felfeliceee's digital diary 💓
Find me 🍥👇
https://bit.ly/felfeliceesocials"
@xi_lali,-1,,"smallyoutuber",nano,"YT: LifeAsLali"
@lifewithkamirahh_,-1,,"smallyoutuber",nano,"|| small youtuber 📸 ||"
@tayjarnn,-1,tayjarnn@outlook.com,"smallyoutuber",nano,"Helping you level up your hygiene & style
📧tayjarnn@outlook.com"
@notlawwy,-1,,"smallyoutuber",nano,"Working On A Cure For Periods
🔴 YouTube: HeyLawwy & NotLawwy 🔴"
@hazell.hh,-1,,"smallyoutuber",nano,"Insta:hazel.hh"
@ilovekeiry,-1,keirydq@gmail.com,"smallyoutuber",nano,"Miami | NYC
ig: keirydq
💌keirydq@gmail.com"
@tofugoob,-1,,"smallyoutuber",nano,"I like to draw & dance
🕺🏻❤️🧚✨"
@madimillions,-1,,"smallyoutuber",nano,"Don’t take me serious"
@tovya22,-1,,"smallyoutuber",nano,"New Minecraft YouTuber
https://youtube.com/@tovya22

I love my girlfriend 💕"
@xoxokinah_,-1,,"smallyoutuber",nano,"NC📍17
1.07k subs 🥹
new videos 2-3x a week!"
@morgananique,-1,,"smallyoutuber",nano,"YT: Morgan Anique’
small youtuber💕
main page: mobandzztheboxer"
@_bethanycook,-1,alice@sareagency.com,"smallyoutuber",nano,"⭐️ curvy fits, confidence & chaos
💋 IG: bethanycook_
💌 collabs: alice@sareagency.com
⋆ ˚｡⋆୨♡୧⋆ ˚｡⋆"
@itsniah44,-1,,"smallyoutuber",nano,"Yt:It's Niah
I support all YouTubers"
@nevayuhhsarchive,-1,,"smallyoutuber",nano,"vlogs | lifestyle | clips & more
- ˚⟡˖ ࣪ 🐛🌈💌🌺 ·˚ ༘ -
YT: nevayuhh"
@ofhindula_,-1,ofhindula.nengovhela@gmail.com,"smallyoutuber",nano,"jhb | thespian | model
lifestyle & food content creator
💌 ofhindula.nengovhela@gmail.com
—
md vlog ↓"
@madelinemarquez_,-1,contactmadelinemarquez@gmail.com,"smallyoutuber",nano,"New youtube video every week ! 📸 youtube: madeline marquez
💌 contactmadelinemarquez@gmail.com"
@jadoncartier,-1,,"smallyoutuber",nano,"👻: jadoncartier
insta: jadoncartier"
@sympattyque,-1,,"smallyoutuber",nano,"Don't be afraid come check out my youtube channel :)"
@chastencreates,-1,chastencreates07@gmail.com,"smallyoutuber",nano,"@Mr.Johnson
📧:chastencreates07@gmail.com"
@strawzerrydough,-1,,"smallyoutuber",nano,"૮₍˶ᵔ ᵕ ᵔ˶ ₎ა
i think she likes nct & mark lee"
@kayleemalcolm,-1,kaylee@select.co,"smallyoutuber",nano,"23 | PA/NYC
curls, beauty, school & my life!
✉️ kaylee@select.co"
@s6010608,-1,,"smallyoutuber",nano,"Aucune biographie pour le moment."
@jaimeevlogs,-1,iluvjaim33@gmail.com,"smallyoutuber",nano,"my life 🧘🏼‍♀️🍓🫧 222
gym, lifestyle, vlogs :)
💌 iluvjaim33@gmail.com
@EvryJewels - JAIMEE926
@Bubble Skincare - JAIMEE7PLG"
@inaelbbub,-1,,"smallyoutuber",nano,"if you knew me, then no you didn’t"
@luv4kourysisters,-1,,"smallyoutuber",nano,"New acc:
👽🍧"
@patriciasuckss,-1,patriciasuckss@gmail.com,"smallyoutuber",nano,"☆ atlanta ★
lifestyle + desk setup
💌:patriciasuckss@gmail.com
lasted vid ↴"
@lieforlife,-1,,"smallyoutuber",nano,"Aucune biographie pour le moment."
@mashmasilo,-1,marciamaralala05@gmail.com,"smallyoutuber",nano,"🚨Sports conditioning coach🚨
YouTube || Vlogs🎀
📧 marciamaralala05@gmail.com"
@_bykikil,-1,,"smallyoutuber",nano,"hello 💌
small youtuber
check out recent ᡣ𐭩
yt: @bykikil"
@totilynnn,-1,Jocelynbusiness150@gmail.com,"smallyoutuber",nano,"I go live every Wednesday on TWITCH at 6pm mst 😌
Twitch: La__Toti

💌: Jocelynbusiness150@gmail.com"
@beatbyling,-1,,"smallyoutuber",nano,"I’m a MUA just trying to show my talents and have fun while doing it 💕"
@lsabelledeschamps,-1,isabellechampsbusiness@gmail.com,"smallyoutuber",nano,"real life & random moments🎥
I'm cooler on youtube
💌: isabellechampsbusiness@gmail.com"
@itsmiawarren,-1,Miawarren180@gmail.com,"smallyoutuber",nano,"🎀
Miawarren180@gmail.com
i talk a lot sometimes ￬"
@pnklvr224,-1,,"smallyoutuber",nano,"bellissima creazione
📸🎀💐"
@mercy.starrr,-1,,"smallyoutuber",nano,"lifestyle, fashion, studies ⋆౨ৎ˚⟡˖ ࣪
yt in bio 🎧˚˖𓍢 🦢✧˚.🎀"
@deeforthree,-1,,"smallyoutuber",nano,"ig & youtube: @bydjbrown
subscribe to my yt 👇🏽"
@jaswinterr,-1,jasmine@beaumondeagency.com,"smallyoutuber",nano,"💌: jasmine@beaumondeagency.com
@DFYNE code JASMINE"
@alanikylee,-1,alani.kylee24@gmail.com,"smallyoutuber",nano,"God loves you
────୨ৎ────
💌: alani.kylee24@gmail.com
youtube:alanikylee"
@s.shanierrr,-1,,"smallyoutuber",nano,"❤︎︎"
@niyahlostfiless,-1,,"smallyoutuber",nano,"al
content creator
Yt : Aniyah Renee
sub for sub = blocked
spam / content page"
@leflopper_offical,-1,leflopperyt@gmail.com,"smallyoutuber",nano,"🔵Discord server, MBRcCWuEs4
🔴844 Subs on YouTube

For shorts collabs 500+ subs ONLY
📧leflopperyt@gmail.com📧"
@teens.in.yotube,-1,,"smallyoutuber",nano,"For Teens in YouTube by teens in YouTube 💗

https://linktr.ee/Teensinyoutube"
@nicxleka.999,-1,,"smallyoutuber",nano,"✮ ig: nicxleka.999
♡ youtube : nicole.kalish
dancer
tatemcrae lover🎀
. ..𓂃 ࣪ ִֶָ🪽་༘࿐"
@adoree.steph,-1,therealstephanieee@gmail.com,"smallyoutuber",nano,"IG - ad0re_.steph
@ad0re steph
Howard Uni 🦬
💌 - therealstephanieee@gmail.com"
@renci_xo,-1,rencimula@gmail.com,"smallyoutuber",nano,"Your fav lifestyle + beauty girly 🎀
💌: rencimula@gmail.com
SUBSCRIBE TO MY YOUTUBE ↓"
@rosieretallack,-1,,"smallyoutuber",nano,"Subscribe to my YouTube channel, new videos every Tuesday @7pm GMT
💌"
@repost_loan,-1,,"smallyoutuber",nano,"On rigole ou quoi la team !!
YouTube @Loaaannn_yt"
@levraibouseuhh,-1,,"smallyoutuber",nano,"Bon vivant"
@tanntheman1x,-1,,"smallyoutuber",nano,"3k?
YT📸 - TannTheMan1x
Louisiana🐊"
@birlsters,-1,Birlsters@gmail.com,"smallyoutuber",nano,"Business: Birlsters@gmail.com
👇🏽👇🏽👇🏽
Youtube: Birlsters"
@.sabrinaann,-1,,"smallyoutuber",nano,"📞 DM: collabs, custom intros, thumbnails
💗 main: @س
📸 tryna make it big"
@jenniebri3,-1,ms.jlouis21@gmail.com,"smallyoutuber",nano,"Fashion | Lifestyle | Hairstyles
I'm just a girl who loves God🤍
subscribe to my YT
💌ms.jlouis21@gmail.com"
@jodiedukes,-1,,"contentcreator",nano,"Mum of 4 🇦🇺
Weight Loss via Gastric Sleeve journey
Real life, no BS
Accidentally running the wildest comment section on TikTok.
✨️ Shop my merch 👇�"
@azucena.guevara,-1,,"contentcreator",nano,"El Salvador💫@Azu Guevara"
@masuodfadlalmwla,-1,,"contentcreator",nano,"#MASUOD
Same me, new mindset 😎"
@rich_girl_diaries,-1,,"contentcreator",nano,"Katarina Rose 🌹 AI influencer creator ✨ Teaching beginners how to monetize AI content ↓"
@bronterose_,-1,bronterose@vivemanagement.com.au,"contentcreator",nano,"Sydney ✨
bronterose@vivemanagement.com.au"
@shirescout,-1,,"contentcreator",nano,"An insider's guide to the Sutherland Shire!✨
Visit us 👇🏼"
@meshki,-1,,"contentcreator",nano,"We are an Australian brand with a mission to empower people worldwide to be confident, ambitious & unstoppable, dressed head to toe in MESHKI"
@keykia24,-1,,"contentcreator",nano,"🪐No one is like you,
and that is your power 🪐
🇵🇪🇪🇸"
@justkingkev,-1,amy.gallagher@thedigitalbrandarchitects.com,"contentcreator",nano,"THANK YOU FOR 300K FOLLOWERS! 🫶🥹
I like to save money AND enjoy my life
NYC | 25
amy.gallagher@thedigitalbrandarchitects.com"
@roxytalksmarketing,-1,,"contentcreator",nano,"your creator bestie ✨
ugc creator + social media manager
creator tips, ugc & brand leads 💌"
@viralwithnathy,-1,,"contentcreator",nano,"✨ helping creators grow through viral content
📈 AI-powered content strategy
💜 Blow Up | go viral smarter
CR1YZTBI"
@youngshallgrow_01,-1,,"contentcreator",nano,"Relationship counselor 🫂
Helping you choose right and build lasting relationships
💕Book a private consultation👇🏻👇🏻"
@akunwatapage,-1,akumedia81@gmail.com,"contentcreator",nano,"Tiktok Growth Strategist Helping Creator & Brands Grow Online
To work with AKU, email 📧
akumedia81@gmail.com"
@ugchristinecreate,-1,UGChristineCreate@gmail.com,"contentcreator",nano,"UGC Creator | Content that converts
Portfolio on IG ↓
@UGChristineCreate

Collabs 💌UGChristineCreate@gmail.com"
@laurennrwebb,-1,laurennrwebb@gmail.com,"contentcreator",nano,"your social media consultant
laurennrwebb@gmail.com
BOOK a 1:1 or AUDIT
👇🏼👇🏼👇🏼"
@ciarabranigan,-1,keira@theangelsmgmt.com,"contentcreator",nano,"*kira*🫶🏼
@byciarastudio
🧚🏼☁️🧸
@Reformed | code CIARABRANIGAN
💌 keira@theangelsmgmt.com"
@itsallaboutbe,-1,itsallaboutbe@gmail.com,"contentcreator",nano,"à la base je voulais juste parler que de mode mais comme je suis trop bavard .. bah .. je parle de tout ce j'aime ( ou pas 🤭 )

📧: itsallaboutbe@gma"
@furtihirestyle,-1,,"contentcreator",nano,"Furti hairstyles💇‍♀️&Make up💄
0742304677📞"
@elliemay.ugc,-1,hello@itselliemay.com,"contentcreator",nano,"📱 | creating high-converting UGC
📧 | hello@itselliemay.com"
@abbaty_dmaker,-1,,"contentcreator",nano,"Photographer • Artist • Content Creator"
@sipteawithmelissa,-1,,"contentcreator",nano,"Talk Pop Culture With Me 💁🏼‍♀️🚨
Trends and Commentary ☕️
📍UK
Email ⤵️"
@the.pink.provider,-1,,"contentcreator",nano,"Helping women build faceless AI income streams 💰
Learn how to monetize without showing your face ⬇️"
@ashmodiano,-1,ashmodiano@gmail.com,"contentcreator",nano,"✨ hot mess type b mom ✨
📍SoCal | welcome to the chaos
💌 ashmodiano@gmail.com"
@ladietiktokshop,-1,,"contentcreator",nano,"The Vanity Report 🪞 I say what you’re thinking while I do makeup 💄 Accountant
🧠 Beauty obsessed • 40+ & unbothered The Truth, The Tea & The Tools �"
@fixgt1,-1,,"contentcreator",nano,"GTAG CONTENT CREATOR MABY OVER STUFF
GROUP ACCOUNT:@SlapMonks GO FOLLOW!!!
GOALS:AA BADGE 1K followers
HOPE YOU ENJOY MY CONNECTION"
@lulu.viral.tips,-1,,"contentcreator",nano,"Devient viral, sans plus de taff !
Nouveau compte"
@mollyjshapland,-1,,"contentcreator",nano,"Fashion, home & lifestyle 🌷
Follow me on my insta @lif_ewithmolly
Shop my looks - link below"
@cris_cr672,-1,,"contentcreator",nano,"@Real Madrid C.F. 🤍"
@malekkatrou,-1,,"contentcreator",nano,"25"
@zanouni.saif,-1,,"contentcreator",nano,"Official Account TikTok ❤️
Official Streamer In Kick : ZaNouNi 💚📝"
@gooba_off,-1,,"contentcreator",nano,"بث مباشر يومي : https://kick.com/gooba_off"
@parker_seifddine,-1,,"contentcreator",nano,"ستريمر |صانع محتوى كرة قدم | تسمع كان كلمة الحق 🇹🇳
قناتي للبث على منصة كيك 🔥⬇️"
@anisht7,-1,,"contentcreator",nano,"أنا أنيس ، إذا تحب الكورة، مرحبا بيك في داري! ⚽🏠
تونسي جزائري 🇹🇳🇩🇿
🔜 150K"
@techwithgitte,-1,gitteugc@gmail.com,"contentcreator",nano,"Fulltime UGC creator ❤️‍🔥
Saving you time and energy on your content
gitteugc@gmail.com"
@allclips.zone,-1,,"contentcreator",nano,"🎬 Les meilleurs clips du moment
🔥 Viral, fun & WTF
🚀 Du contenu chaque jour
👇 Abonne-toi, tu vas rien rater"
@officialchyburd,-1,,"contentcreator",nano,"🎬💫📸🎨🐎🌷🧺🐶"
@dreamygirlliz,-1,,"contentcreator",nano,"obsessed whit pinterest
follow my daily 👇
@l.m"
@lizzy.cardonaa,-1,Lizzy1212cardona@gmail.com,"contentcreator",nano,"UGC/ influencer in the making
Beauty• fitness •

📍Virginia
💌Lizzy1212cardona@gmail.com"
@gerfiibs,-1,,"contentcreator",nano,"TRYING TO BE A CONTENT CREATOR --17/1000-
FOLLOW ME

Id: BR0K3NG3RF1"
@prime___07,-1,,"contentcreator",nano,"♡BHALU♡"
@leeannecreatescontent,-1,,"contentcreator",nano,"✨ Scottish girl helping brands show up online
📍 Scotland
🎥 Creating content for businesses & small brands
☕️ Coffee, cameras & creative ideas"
@bangeracing_180,-1,,"contentcreator",nano,"Sean McConnachie
Scottish banger driver 🏁"
@ugcbyornella03,-1,contactornellaugc@gmail.com,"contentcreator",nano,"✨ Contenu UGC qui accroche & qui convertit
Beauté • Food • Lifestyle
+ 15 marques accompagnées 🤝
📩 contactornellaugc@gmail.com"
@its.amandaf,-1,amandaflores.ugc@gmail.com,"contentcreator",nano,"UGC | San Diego | college lifestyle | let's get back into our prime🌟🧘🏻‍♀️🤍🫶
💌amandaflores.ugc@gmail.com"
@madisonbravenec,-1,madison@hillermediagroup.com,"contentcreator",nano,"denver
💌 madison@hillermediagroup.com"
@txddy_25,-1,,"contentcreator",nano,"hi!! I'm a berry avenue content creator🍓
I love making videos and I love watching other people make berry ave vids my
goal this year is to reach 1k f"
@javyanaspeaks,-1,,"contentcreator",nano,"fuck, you found me"
@ddk.kbi,-1,divvkbi.23@gmail.com,"contentcreator",nano,"ᴇʙᴇɴᴇᴢᴇʀ
𝙗𝙚𝙖𝙪𝙩𝙮, 𝙡𝙞𝙛𝙚𝙨𝙩𝙮𝙡𝙚 & 𝙚𝙫𝙚𝙧𝙮𝙩𝙝𝙞𝙣𝙜 𝙖𝙧𝙤𝙪𝙣𝙙 𝙩𝙝𝙖𝙩 💕
collab 💌 | divvkbi.23@gmail.com"
@annieknight78,-1,,"contentcreator",nano,"Luxury travel / fashion / lifestyle
promiscuous princess 💋
IG: anniekknight"
@sstephkoutss,-1,steph@brinkmgmt.com,"contentcreator",nano,"nyc | florida
outfits + lifestyle + beauty
steph@brinkmgmt.com"
@dibsbeauty,-1,,"contentcreator",nano,"Desert Island Beauty Status ✨
Available at @Ulta Beauty & @Revolve"
@averyrizzotto,-1,avery@zink-talent.com,"contentcreator",nano,"tampa, fl
nfl cheerleader 📣
IG: @avayvay
avery@zink-talent.com"
@_sydneypaigeberry,-1,sydneyteam@bcreativbranding.com,"contentcreator",nano,"hi girls🍸👼🏼🪽
💌 sydneyteam@bcreativbranding.com💌
Tampa / St. Pete
@Downbad Co"
@abbamako390,-1,,"contentcreator",nano,"Aucune biographie pour le moment."
@omniveil.ai,-1,,"aitools",nano,"The AI tool everyone asks about
Create uncensored AI images & videos
Try it free"
@aicenturyclips,-1,Aicenturyinfo@gmail.com,"aitools",nano,"😉 Follow my other twin brother @InsidersAI
📩: Aicenturyinfo@gmail.com"
@dupdubvoice,-1,,"aitools",nano,"AI Creative Suite for content creators | Try: DupDub.com and DupDub Lab App🦄"
@maverickgpt,-1,mavgpt@smoothmedia.co,"aitools",nano,"Master AI & ChatGPT 🚀
Smart tips you’ll actually use
📧 mavgpt@smoothmedia.co
Get my FREE prompts + resources 👇"
@simplydigital,-1,,"aitools",nano,"🤌 Simplifying Digital Marketing
🥇Top 32 Entrepreneur (GES2016) by US dpt"
@piper.haven,-1,,"aitools",nano,"Hi. My name is Paper Haven!"
@lorenzo.wouters,-1,team@odesaai.com,"aitools",nano,"⚡ Build your AI business from zero
🧠 Daily tips, tools & strategies
✉️ team@odesaai.com"
@ivywilson1445,-1,,"aitools",nano,"technical writer • making docs people actually read"
@techwithjeanne,-1,,"aitools",nano,"Tech news and AI updates 👀🗞️"
@felicia.hayes.creates,-1,,"aitools",nano,"Going viral with @trymy_post ✨
AI content creator & UGC girl 🎬"
@bavedikian,-1,,"aitools",nano,"CRE brokerage & property management
Helping owners & businesses win in CRE"
@moiz_tech,-1,,"aitools",nano,"Daliy Free Tips And Tricks
Ai | Tech | !
Follow For More ✨⌨️
0333---5691089"
@zrqybi6,-1,,"aitools",nano,"Aucune biographie pour le moment."
@nick.building,-1,,"aitools",nano,"Helping brands build Ai systems, websites and apps that convert"
@studywithanika_,-1,,"aitools",nano,"Study tips that eat 💅"
@ia.antony,-1,antononis78130@outlook.fr,"aitools",nano,"🤖 Je te décortique tout sur la vidéo IA
👌+3 ans d’expérience dans l’IA
📩 Collab: antononis78130@outlook.fr
🎥 Va voir ma chaîne YouTube et outils p"
@rubymurphy1476,-1,,"aitools",nano,"brand strategist for tech companies • coffee powered"
@studyexpert6,-1,,"aitools",nano,"Mind-Blowing Study Tips🤯📚🧠
Using this tool✍️🚨👇"
@marketerhub.ai,-1,,"aitools",nano,"🤖 Become an AI Marketing Pro 🚀
👇 Make Money with AI 👇"
@lumiox12,-1,,"aitools",nano,"Aucune biographie pour le moment."
@sabrina_ramonov,-1,,"aitools",nano,"🦄 Teach 10M ppl AI (for free)
💸 Sold AI startup $10M+
⭐️ Forbes 30 Under 30
🇵🇭 Filipina
✅ Click Link for FREE AI COURSES👇👇"
@stanleyubah_,-1,,"aitools",nano,"🇳🇬🇨🇦
Helping humans turn AI & Automation into real income online.
Follow & Dm 'JOIN' and I'll teach you for free 👆."
@shayxoai,-1,,"aitools",nano,"arcads ai"
@notesworkflow6,-1,,"aitools",nano,"soft studying, smart writing 🎀"
@aicashlab86,-1,,"aitools",nano,"Aucune biographie pour le moment."
@studywithmax_4,-1,,"aitools",nano,"literature major 📚 rewriting to sound human (link below)"
@prompt_to_profitt,-1,,"aitools",nano,"I test AI tools so you don’t waste time 🤖

#AI #AITools #NoCode #WebDev #SideHustle"
@omar.beasley3,-1,,"aitools",nano,"Aucune biographie pour le moment."
@itsember281,-1,,"aitools",nano,"pyrography artist • wood burning • custom designs"
@aiwritingeasyafforauthor,-1,,"aitools",nano,"Authors keeping their voice while writing smarter with AI 🤖 | Free community 📚

booksandbiz.com"
@_tech_talkhq,-1,,"aitools",nano,"• Tech Creator
• Vidoegrapher | Video Editor
• DM for Collaborations"
@yana.whelan.ai,-1,,"aitools",nano,"I'm Yana Whelan, I am on a mission to learn AI Tools and teach them as I go!

https://youtube.com/@yanawhelanai?si=SnIBf2w1gn7aogB9"
@howtowebdev,-1,,"aitools",nano,"Web development for everyone. Free Javascript, React, HTML and CSS Tutorials."
@thisisflow.ai,-1,,"aitools",nano,"I'm on a mission to teach one million Gen Xers how to embrace and use AI."
@techwithkayla_,-1,,"aitools",nano,"Tech news & AI updates"
@danvmartell,-1,,"aitools",nano,"🚀Entrepreneur • Investor • Business Coach
🦾Founder of AI Startup Incubator
📘Author • Buy Back Your Time
📲 Text 'Grow' & Scale Your Business"
@maxjohnscn,-1,maxjohnson@briixai.com,"aitools",nano,"👨‍🏫Founder of 'briix.ai'
📧 maxjohnson@briixai.com
👨‍💻 AI that pays. I'll show you how...
👇Join my FREE private group"
@jb16980,-1,,"aitools",nano,"Aucune biographie pour le moment."
@solacpewsbw,-1,,"aitools",nano,"Useful Guide To Transformation Using AI Tools
👇👇👇"
@willfrancis24,-1,collab@willfrancis.com,"aitools",nano,"⚡️ Learn AI + Digital Marketing

✉️ collab@willfrancis.com"
@itsstorm_0,-1,,"aitools",nano,"storm window installer • weatherproofing • energy saving"
@digitallaunchhub,-1,,"aitools",nano,"🔥🔥GRAB FREE AI TRAINING🔥🔥
https://tinyurl.com/ymbaaxu3
Helping those 40+ gain time, freedom, financial success to live life their way!"
@gracewrites5100,-1,,"aitools",nano,"writer. psych major. curious about everything."
@techwithemmaaa,-1,,"aitools",nano,"tech news and ai updates!"
@aiwealthhubb,-1,aiwealthhubbb@gmail.com,"aitools",nano,"🤖 Your AI Content Bestie 🚀
Helping overwhelmed creators turn AI content into income.
Start Here⬇️ Click 🔗 📧:aiwealthhubbb@gmail.com"
@westonlee130,-1,,"aitools",nano,"storm chaser • tornado photography • extreme weather 🌪️"
@hill_morrison4,-1,,"aitools",nano,"hill climb racing • motorsport • dirt bikes 🏍️"
@kallaway.marketing,-1,,"aitools",nano,"Helping business owners grow faster (1B+ views)
Kallawaymarketing on YouTube (370K+ subs)
Building Sandcastles (100K+ signups)👇🏻"
@user3286581284801,-1,,"aitools",nano,"romanticizing my 3AM rewrites 🧠 I use walterwrites.ai sometimes lol"
@ai.reversed,-1,,"aitools",nano,"👁️Reversing Reality with AI👁️
🔆CPP @Higgsfield AI @Pollo AI
📩 DM for inquiries & collabs"
@adusmichael,-1,,"aitools",nano,"E-commerce & Drop Shipping | AI Strategist & Digital Consultant | Web Design & Career Tips."
@dylannn_ai,-1,,"aitools",nano,"Follow To Stay Connected to AI 🌎"
@itskind990,-1,,"aitools",nano,"kindergarten teacher • early education • nurturing minds"
@dani_douen,-1,douendani@gmail.com,"aitools",nano,"🦾🤖 | Helping business owners with Ai
📈🚀 | Ai viral content for business
✉️⚡ | douendani@gmail.com
👇🔥 | making viral content"
@jasho_tech,-1,,"aitools",nano,"Tech geek | Testing useful AI tools"
@itsmariahbrunner,-1,mariah@dreamtuesday.com,"aitools",nano,"🗣️ Yapping about AI & tech
💻 Ex Meta & Amazon
💫 Founder of two 8-figure businesses
✉️ mariah@dreamtuesday.com"
@iamsmarttips,-1,contact@iamsmarttips.com,"aitools",nano,"Stay Sharp | Stay Smart
AI | Tech | Finance
Road to 500k 📈
DM for Collaboration
📩 contact@iamsmarttips.com"
@albavista,-1,,"aitools",nano,"Intelligenza Artificiale, Web Marketing e Tecnologia per Passione"
@devmaster360,-1,,"aitools",nano,"🤖 Explaining AI, code & tech
🧠 From basics → deep concepts
🚀 Understand the future
=======================
👇 Follow for daily AI insights"
@theultimatejetguide,-1,tom@avsalestalent.com,"aitools",nano,"Teaching How to be a ✈️ broker
No exp necessary
✉️ tom@avsalestalent.com"
@jokes0015,-1,,"aitools",nano,"ساخت اکانت پروفشنل به ضمانت
واتساپ
0093793045245"
@tapewarp,-1,,"aitools",nano,"AI content that doesn’t feel like AI✨
Create your first AI influencer 👇"
@amineo_ai,-1,,"aitools",nano,"FREE AI Swap Character Blueprint +
The Only AI Tool I Use 👇"
@paisleytaylor9901,-1,,"aitools",nano,"fashion blogger • thrift finds • sustainable style 👗"
@liuvera1,-1,,"aitools",nano,"Building brands that last.
AI-powered. DM to start."
@genai.spotlight,-1,,"aitools",nano,"🤖 AI Tech News & Tips | #VibeCoding Tutorials | GenAI Updates 🚀 #AI

📺 YouTube: https://youtube.com/@genaispotlight
👨‍💻GitHub: https://github.com"
@noahcamden81,-1,,"aitools",nano,"Entrepreneur. Figured out AI the hard way. Sharing what actually works. 👇"
@motivationedger,-1,amdigitaluae@gmail.com,"aitools",nano,"My secret Method to Monetize Ai content
amdigitaluae@gmail.com
👇👇👇"
@sting8924,-1,,"aitools",nano,"Aucune biographie pour le moment."
@samdespo,-1,hello@samdespo.com,"aitools",nano,"I make AI & Marketing simple
hello@samdespo.com
My Paid Ads agency 👇"
@adrien.ninet,-1,,"aitools",nano,"AI Tips for Designers & Devs
-
👇FREE newsletter, Hire me👇"
@flydyrsmid,-1,,"aitools",nano,"don't forget to follow me to see for the next videos"
@sambutlerai,-1,,"aitools",nano,"Doing stuff with AI
Learn Ultra Realistic AI & turn to Income ⬇️💸"
@ai.promptsforyou,-1,,"chatgpt",nano,"Best AI prompts of 2026
For ULTRA-realistic results
⬇️ BUY NOW!"
@mikki_m00,-1,,"chatgpt",nano,"🩵🐵🩵
💚SOS - TTT💚
🖤OHANA🖤♑️BYB♊️
🥕-🧁-🦖-🐉-🥒-🔥-🐢-👻-🦆
👀 Back up @💜 MRS DRIFTAA 💚 👀"
@not4youbut4me2,-1,,"chatgpt",nano,"Armeno-Grecque 🇦🇲🇬🇷
Speak 🇦🇲🏴󠁧󠁢󠁥󠁮󠁧󠁿🇫🇷(just a little little 🇬🇪🇷🇺🇬🇷)"
@bombaclatt1135,-1,,"chatgpt",nano,"https://discord.gg/gJTkxnXNc"
@fahim.sarkar69,-1,,"chatgpt",nano,"fav team:France
fav club:Arsenal
Dream country :scotland"
@nolan._1,-1,,"chatgpt",nano,"Aviation is the best✈️"
@imran.gazi_,-1,,"chatgpt",nano,"☪︎ 𝐋𝐚 𝐢𝐥𝐚𝐡𝐚 𝐢𝐥𝐥𝐚𝐥𝐥𝐚𝐡 𓆩🕋𓆪"
@c.h.a.r.i.r.i,-1,,"chatgpt",nano,"Personal vlog
Lifestyle and creation"
@chuuuute7,-1,,"chatgpt",nano,"Je rend!!!!!!!"
@kinder_sup.90,-1,,"chatgpt",nano,"Aucune biographie pour le moment."
@dianagoesgreen,-1,,"chatgpt",nano,"using AI that plants trees 🫶 EcoGPT"
@dearbaddiexoxo1,-1,Dearbaddiexoxo@gmail.com,"chatgpt",nano,"( Apple🍎girly👩‍💻 ) Fortnite 🎮 ) fashion 🖤

Business enquiries Dearbaddiexoxo@gmail.com"
@not_rip_wheeler2,-1,,"chatgpt",nano,"Veteran🇺🇸 Banned@500K by🐈🐈
Oilfield life🛢️
Texas📍🔐@tx_marine_mom"
@6eb3bd9e,-1,,"chatgpt",nano,"Aucune biographie pour le moment."
@e.user33k,-1,,"chatgpt",nano,"Aucune biographie pour le moment."
@studyvamp,-1,,"chatgpt",nano,"just trying to survive college... 🧛‍♀️"
@ssaintt.0,-1,,"chatgpt",nano,"👻 spnm12"
@ivycardenas8,-1,,"chatgpt",nano,"Aucune biographie pour le moment."
@julie_01851,-1,,"chatgpt",nano,"J’aide les femmes 18-25 ans à générer leurs premiers revenus en ligne 💻
Débutante il y a 2 mois
Je te montre tout ici 👇"
@ya_nn_is_1,-1,,"chatgpt",nano,"Swiss🇨🇭"
@nathalie__rw,-1,,"chatgpt",nano,"✨soft soul ✨ | more than you’ll ever know | not everything is meant to be understood🤍"
@utente1.20_,-1,,"chatgpt",nano,"Aucune biographie pour le moment."
@_idk14_4,-1,,"chatgpt",nano,"Aucune biographie pour le moment."
@alvingoooo,-1,,"chatgpt",nano,"Fueling workouts with K-pop ⚡️
Product Engineer | Dancer
🐻 UC Berkeley
DM for Business Inquiries"
@meeiracle,-1,,"chatgpt",nano,"Aucune biographie pour le moment."
@loeildunet.shop,-1,,"chatgpt",nano,"💬 Je teste les produits viraux
🔥 Je garde les meilleurs
💸 Bons plans TikTok Shop
👇 Tout est en vitrine"
@orchidanya,-1,,"chatgpt",nano,"ИИ ПО ССЫЛКЕ НИЖЕ (ЕСЛИ НЕ ОТКРЫВАЕТСЯ В ТГК iaanyafoto ОСТАВИЛА ССЫЛКУ)
https://t.me/iaanyafoto"
@novela161,-1,,"chatgpt",nano,"The simplest ❤️😉"
@rn.anne13,-1,,"chatgpt",nano,"𝐌𝐨𝐢 𝐞𝐭 𝐦𝐨𝐧 🛹 𝐚𝐥𝐯 𝐚𝐥𝐦🤞🏾🩸
@𝒮_𝒜．ℳ 💌 @carlota 🤞🏾💕"
@promptergen,-1,,"chatgpt",nano,"AI Creator
Prompts and Tools⬇️"
@tiktokersstar342,-1,,"chatgpt",nano,"✨ 𝑪𝒓𝒆𝒂𝒕𝒊𝒏𝒈 𝒔𝒎𝒊𝒍𝒆𝒔 𝒅𝒂𝒊𝒍𝒚
👑 𝑺𝒕𝒚𝒍𝒆 | 𝑪𝒐𝒏𝒕𝒆𝒏𝒕 | 𝑪𝒓𝒆𝒂𝒕𝒊𝒗𝒊𝒕𝒚
👍 𝑳𝒊𝒌𝒆 • ➕ 𝑭𝒐𝒍𝒍𝒐𝒘 • 🔁 𝑹𝒆𝒑𝒐𝒔𝒕"
@fate5293,-1,,"chatgpt",nano,"Je publie n'importe quoi"
@studywithlaia,-1,contact@leahyzova.com,"chatgpt",nano,"✨study hacks & hot takes
📚GPTZero ambassador
contact@leahyzova.com"
@viskass_xxx,-1,,"chatgpt",nano,"Aucune biographie pour le moment."
@anatano_usako,-1,,"chatgpt",nano,"Won't lie, I'd go back to you."
@bloque.mw,-1,,"chatgpt",nano,"Aucune biographie pour le moment."
@mrelwinx,-1,,"chatgpt",nano,"Aucune biographie pour le moment."
@valariemiramontes,-1,,"chatgpt",nano,"Surp"
@tixiro000,-1,,"chatgpt",nano,"🇹🇷"
@m3r4n3,-1,,"chatgpt",nano,"dos cuentas eliminadas, a la tercera va la vencida?"
@paula_b69,-1,paulapro09@gmail.com,"chatgpt",nano,"💄 Mode • Tests produits • Family vibes 👨‍👩‍👧
📩 Collabs : paulapro09@gmail.com
Instagram:paula_19944"
@aura.magnetique,-1,,"chatgpt",nano,"⬇️ Formation MRR
https://payhip.com/b/xhGC1

✨Amour | Manifestation | Mindset"
@andrea01sang,-1,,"chatgpt",nano,"Maman d’un petit prince 💙👨‍👩‍👦
Maman d'une petite princesse💖"
@georgeavecuns,-1,georgeavecuns@gmail.com,"chatgpt",nano,"On va faire le cirque mec
22
Contact : georgeavecuns@gmail.com"
@audrey5898,-1,,"chatgpt",nano,"Aucune biographie pour le moment."
@hozealasanchez,-1,,"chatgpt",nano,"Ici, on prouve qu’on peut être magnifique même avec du 100% new synthetic wig . Welcome to my bubble.” ✨.”
🛍️ Unboxing | 🔥Look final"
@snack.acosta,-1,,"chatgpt",nano,"🔥🔥🔥🔥 ♈ARIES ♈🔥🔥🔥🔥"
@jose_phine725,-1,,"chatgpt",nano,"Support your girl 🥹🦋www.tiktok.com/@jojos.beads.n.craf"
@imferrisoficial,-1,,"chatgpt",nano,"IA || Edición || Tendencia || Creatividad
Cuenta secundaria de @Dudu"
@alexandra.stoica48,-1,,"chatgpt",nano,"🇹🇩🇫🇷 92😝😝"
@doodles878,-1,,"chatgpt",nano,"I'm Dawn, 52, Be happy bc life sucks anyways 🩵🫶🏼💙 And stop judging each other so harshly, we all got issues. Peace✌🏼, Love 🫶🏼, Happiness 🤪"
@lene59338,-1,,"chatgpt",nano,"Aucune biographie pour le moment."
@baicai038,-1,,"chatgpt",nano,"Aucune biographie pour le moment."
@hypic_global,-1,,"chatgpt",nano,"Photo Editor & AI Art Generator ✨"
@hypic_br_official,-1,,"chatgpt",nano,"Editor de Fotos e Gerador de Arte IA"
@luigirog9,-1,,"chatgpt",nano,"Lyon 📍
Pas de meuf🤦‍♂️
Snap:lr8-2pp
Ig:louis.rgn
40k 🙏???"
@bandteegypsy,-1,,"chatgpt",nano,"⚡️Unfiltered mind.feminine fire.soft chaos⚡️
• Creator of 'Luna Lane' 🌑 1am thoughts
• Home of original AI prompts 🪩
• Full prompt collections @ Lin"
@bike_657,-1,,"chatgpt",nano,"@SooN 🫶🏼❤️ (Pdp Matching)
@~_happy_~ 🫶🏼❤️
—``Happy.🕊``—
« Tu es fragile pour moi et je suis monstrueux pour toi. » - Kai Lakestone."
@beeyaneeybaa,-1,,"chatgpt",nano,"LOVEYOURSELF"
@cassouu_13800,-1,,"chatgpt",nano,"Aucune biographie pour le moment."
@jerem.2025,-1,,"chatgpt",nano,"#mlm
🇫🇷
snap 👻: jrm.tsr
insta 📸: jer_m.0"
@cannelle_1383,-1,,"chatgpt",nano,"23y
🇮🇹🇫🇷
🏎️"
@kva2531,-1,,"chatgpt",nano,"Все фотки делаю тут👇
Пиши в поиске в тгк 'chargpt15' или переходи по ссылке ниже -> 3 точки справа сверху -> открыть в браузере"
@g1rl_du0,-1,,"chatgpt",nano,"Fairy #1- name:Azura i like all animals! scared of bugs 🐜
Fairy #2- Zarina- ABSOLUTELY TERRIFIED OF BUGS... I love animals but allergic to half of th"
@labrune15310,-1,,"chatgpt",nano,"L'amour de ma vie @Fafa 15150 🩷❤️💍mon futur mari 😍🩷❤️💍"
@lesdeuxamoureux22,-1,,"chatgpt",nano,"La passion automobile
Fiat punto sport
Seat ibiza fr"
@59_zayrhox_59,-1,,"chatgpt",nano,"Serv discord https://discord.gg/ab3MR7KdY
Je fait toutes sortes de vidéos ⚜️🇫🇷🎧"
@nera.iib,-1,,"chatgpt",nano,"☆☆♪pinterest"
@cari.wiebusch,-1,,"chatgpt",nano,"If yk me, no you don't."
@reebabe13,-1,,"chatgpt",nano,"Lvl 30
Crazy Book Lady 📚
Goodreads: Cheree Duhon
Insta: rees_reads13"
@tristanchagnon5,-1,,"chatgpt",nano,"Faites la fête"
@killian7_,-1,,"chatgpt",nano,"Aucune biographie pour le moment."
@mariaa.0305,-1,,"chatgpt",nano,"Y ✨🪽

'Mon amour pour toi illumine ma vie et me guide chaque jour' @Jordan 🤍
Je te vois regarder mon profil 😘"
@_y.o.u.l.i,-1,,"chatgpt",nano,"Fitness content 💪🏽⚡coming soon
Promos | Reviews|Dm me! 📩|"
@xoxo.707707,-1,,"chatgpt",nano,"𒉭 In The end The winner is still The last man standing 𒉭

~Guts"
@master.ai.commands,-1,,"chatgpt",nano,"💻 Master AI prompts with me
🔗 https:/linktr.ee/Tamadin.Corp
📩 Business in DMs"
@.seb.h,-1,,"chatgpt",nano,"E❤️"
@jla.batr,-1,,"chatgpt",nano,"Jla.batr"
@sptorikul0,-1,,"aitiktok",nano,"আসসালামুয়ালাইকুম
🇧🇩আছি এখন স্বপ্নের দেশ সৌদি আরব 🇸🇦"
@eumaroni,-1,,"aitiktok",nano,"Humor | Motivação | IA
🎭 Rir, evoluir e inspirar todo dia."
@boogiebug0,-1,boogie8616@gmail.com,"aitiktok",nano,"🚀 Viral AI Creator
2.5M+ | 300M+ Views 🎵 Promo + Brand Deals
📩 DM me or Email for Collabs
boogie8616@gmail.com
Learn my method👇"
@cutieloop0,-1,,"aitiktok",nano,"No bio yet"
@khem_is_here,-1,khemtech1@gmail.com,"aitiktok",nano,"Effect Creator
Mail: khemtech1@gmail.com
My youtube channel ⤵️"
@lia408681,-1,,"aitiktok",nano,"Aucune biographie pour le moment."
@xiao41260,-1,,"aitiktok",nano,"Aucune biographie pour le moment."
@shovita_gotame,-1,,"aitiktok",nano,"Sending a virtual hug to all my followers🙏"
@jack180955,-1,,"aitiktok",nano,"Aucune biographie pour le moment."
@expert.algorithme,-1,,"aitiktok",nano,"📈 J’analyse l’algorithme TikTok
🚀 Stratégies • Réglages • Fonctionnalités
Pour faire plus de vues"
@pardesi_kanxa_07,-1,,"aitiktok",nano,"मान्छेको सफलता उसको धनमा होइन,
उसको मनमा हुन्छ। 💎"
@anabella.bloom,-1,,"aitiktok",nano,"Welcome to the digital era with Anabella Bloom 💋
🙏Like Comment Follow Share🙏"
@webboh.it,-1,,"aitiktok",nano,"📣 'il megafono delle new gen'
🗯️ ascoltiamo e diamo voce alla community
in elenco AGCOM"
@therealbeatrixramosaj,-1,beatrix@caagency.com,"aitiktok",nano,"💌 beatrix@caagency.com
IG @beatrixramosaj

‘ᴍᴇ̈ ɴᴅɪᴋᴏɴ’ 🌙 ᴏᴜᴛ ɴᴏᴡ!"
@evhandd,-1,,"aitiktok",nano,"🤖AI For Content That Sells
📈2B+ Views on Social Media
👇 The Best Content Software on The Internet"
@mini_bruce,-1,,"aitiktok",nano,"Aucune biographie pour le moment."
@chloebleinc,-1,contact@chloeb.fr,"aitiktok",nano,"IG : chloebbbb
contact@chloeb.fr"
@jasoncoffee,-1,business@jasoncoffee.com,"aitiktok",nano,"Family, having fun, making silly videos
business email: business@jasoncoffee.com"
@alika19941,-1,,"aitiktok",nano,"50k is the goal follow please 💙"
@uet6k8bbt5,-1,,"aitiktok",nano,"Aucune biographie pour le moment."
@hm.touhidul,-1,,"aitiktok",nano,"🇧🇩🇸🇦"
@change_ain,-1,,"aitiktok",nano,"🖤 welcome"
@trulou,-1,,"aitiktok",nano,"Helping heal nervous systems with love, understanding and forgiveness with God centered belief."
@tales_by_blessing,-1,blessingrobert791@gmail.com,"aitiktok",nano,"AI Content Creator
Music • Stories • Viral Videos
Collabs & Promo👇
blessingrobert791@gmail.com
Learn how I do it 👇"
@little00star,-1,,"aitiktok",nano,"'🚀 AI Creations | Tech & Innovation 🎥 Future Unleashed with AI! #AI #Tech"
@acoustic.tech5,-1,,"aitiktok",nano,"*CREATING TIKTOK TUTORIALS DAILY
*TIKTOK LIVE LESSONS
0546✅️500✅️566✅️"
@viraltiktoktop0,-1,,"aitiktok",nano,"creating viral faceless TikTok with AI. Watch & get Inspired"
@lulumelontv,-1,,"aitiktok",nano,"Make AI baby dance 🍉
Search 'OneChat AI' on App Store
or click 👇"
@cool.is.ai,-1,,"aitiktok",nano,"@aihelplifeeasy"
@go2varsity,-1,go2varsity@gmail.com,"aitiktok",nano,"The Smart Inclusive Prospectus (SIP) has +2700 courses from 26 universities, all in 1 place. Starts from R150-R300
📱0-8-4-3-0-0-4-5-8-7
✉️go2varsity@"
@chrystalwillis,-1,,"aitiktok",nano,"👑 Queen C | Live Coach & Battle Leader
Grow, Engage & Monetize LIVE
🏰 Queens Court | 11AM & 8PM CST
🎯Series M/W | Main Event Sat
🤝Build, Grow & Wi"
@mainj_,-1,,"aitiktok",nano,"TikTok Coach/Motivator. Inspire w/positivity & engagement. GQ Live Host 7pm EST Mon-Thu. Popups Fri-Sun. Ret'd USN Vet. ✝️"
@sjc1o7h9e9,-1,,"aitiktok",nano,"Aucune biographie pour le moment."
@conseilsdevie.fr,-1,,"aitiktok",nano,"💡 Hacks malins du quotidien
📌 Astuces rapides & efficaces
👉 Follow pour simplifier ta vie"
@diome317,-1,,"aitiktok",nano,"AI Content creator👌🏾
Welcome to my AI Contents page👋☺️

10k🙏🙏🙏❤️❤️❤️"
@aiartist.studio,-1,,"aitiktok",nano,"AI Artist
AI-generated visual art
cinematic • aesthetic • surreal
💭 Welcome to the world of imagination
📩 collabs / commissions"
@woodai2,-1,,"aitiktok",nano,"Aucune biographie pour le moment."
@iamai2412,-1,,"aitiktok",nano,"Aucune biographie pour le moment."
@sanu.ma.creator,-1,,"aitiktok",nano,"making memories"
@sanuma123,-1,,"aitiktok",nano,"⏰ LIVE daily | 4:15 PM Dubai time | Don’t miss it 🔥”"
@sharmila.shahi83,-1,,"aitiktok",nano,"Aucune biographie pour le moment."
@dipaprasain12,-1,,"aitiktok",nano,"Aucune biographie pour le moment."
@krishtina700,-1,,"aitiktok",nano,"🌹🙏 स्वागत छ हजुरलाई 🌹🙏"
@poopiblh,-1,contact@poopiblhpro.com,"aitiktok",nano,"Food & Beauty ✨
📩 contact@poopiblhpro.com"
@jarvis44603,-1,,"aitiktok",nano,"Funny AI videos."
@realmrdetective,-1,,"aitiktok",nano,"Follow to get smarter. No regrets. 🧠
👇 Watch the Truth"
@icecreate4,-1,,"aitiktok",nano,"Happy"
@longliveai,-1,,"aitiktok",nano,"App is coming soon..."
@nik_uvolen4,-1,,"aitiktok",nano,"Tech Lover | AI Creator
Unboxing & ehrliche Meinung
🇩🇪 Deutschland"
@anyartifact,-1,,"aitiktok",nano,"🇵🇸
bay area
bagged G80 M3
ig anyartifact"
@ai.beautiesjoi,-1,,"aitiktok",nano,"AI Beauties
AI Generated
Daily Content
+18 Contents"
@waheedskills1,-1,,"aitiktok",nano,"Content Creator PUBG Player & Program Member App Developer (Available on Play Store & App Store) Mobile Settings & Tech Tips TikTo"
@huahua4479,-1,,"aitiktok",nano,"Aucune biographie pour le moment."
@olizzy04,-1,,"aitiktok",nano,"☯️TikTok effects and CapCut for fun♒"
@stopscrolllingreal,-1,,"aitiktok",nano,"🚨 Don’t blink. Don’t skip."
@laughing.thru.motherhood,-1,,"aitiktok",nano,"Mom 🩷🩷🩵
Positivity ☀️
Motivation 💪🏻
Growth 🪴"
@mywaifu_productions,-1,,"aitiktok",nano,"A.I Waifu's production ♥️
Suggest me your waifu ♥️
Welcome to our Dreamland ♥️"
@ia.lol10,-1,,"aitiktok",nano,"Tu ne devrais pas rire… mais tu vas le faire. 🤣"
@the.stargate.proj,-1,,"aitiktok",nano,"Stargate fan AI
[██████░░░░] 70%
Buy me a coffee
⬇️ link below ⬇️"
@sensual.beautiful.angels,-1,,"aitiktok",nano,"Creators AI 💻 Famous characters in fictional roles 💫"
@o4qygx5,-1,,"aitiktok",nano,"Aucune biographie pour le moment."
@velorai.official,-1,,"aitiktok",nano,"Where soft moments glow.
Curated unreal beauty.
New visuals daily"
@aa267912,-1,,"aitiktok",nano,"Aucune biographie pour le moment."
@lalousitayeb,-1,lalousitayeb@gmail.com,"aitiktok",nano,"Contact : lalousitayeb@gmail.com
Remet toi en forme grâce à mon Ebook Femme Remise en forme à la maison 🏠 ⬇️"
@msamelia.1,-1,,"aitiktok",nano,"Don't take it seriously
this is Ai generated character 🧚🧚😘"
@suvan_naidoo,-1,,"aitiktok",nano,"Building a Better Community 🙌"
@baba_yaga_officiall,-1,,"aitiktok",nano,"🌲 Official TikTok of Baba Yaga. Scary stories, forest secrets, night adventures and creepy creatures. The forest is watching you..."
@woozyai,-1,,"aitiktok",nano,"IG: WoozyAI
I Create Everything On This Acc 🔥"
@itsisabellalima,-1,,"aicontentcreation",nano,"Helping YOU build wealth online with AI
0-$600 in 31 Days
START HERE 👇"
@gdj3l5on96,-1,,"aicontentcreation",nano,"Welcome everyone to my channel, thank you to everyone who follows me, for more content sharing, please look forward to the follow-up."
@mochiaimi,-1,aimi0715.biz@gmail.com,"aicontentcreation",nano,"🇯🇵×🇨🇳
📍Sydney 🇦🇺
IG: aimi0715
aimi0715.biz@gmail.com"
@alex.prompt,-1,Alex.prompt@outlook.com,"aicontentcreation",nano,"Create visuals with AI
All the info needed in my link 🔗
📩Alex.prompt@outlook.com
⬇️CLAUDE CODE & AI UGC⬇️"
@philly.creator,-1,,"aicontentcreation",nano,"🤖 I clone myself with AI to sell while I sleep
📲 Fitness. Fashion. Finance .any niche, zero camera
Join 6,000+ inside A.I.C.A 👇"
@greenish66,-1,,"aicontentcreation",nano,"guys please follow my New account https://www.tiktok.com/@smarttee76?_r=1&_t=ZN-95754MYYNj4."
@gus_artman_ai,-1,,"aicontentcreation",nano,"Gus_Artman_AI - Follow me on X and YouTube -AI Artist - Scifi - Fantasy - Horror"
@animalcuriosityyy,-1,,"aicontentcreation",nano,"👇THE AI I USE👇
LEARN THE SECRET TO
📈GO VIRAL HERE📈"
@juras.schulz,-1,,"aicontentcreation",nano,"I'll show you how to make $10k a month with making AI videos
Follow, so I can send you a free doc with prompts"
@devjiggy,-1,,"aicontentcreation",nano,"iBuild AI-generated content, Website and Apps"
@clairxstudios,-1,clairxstudios@gmail.com,"aicontentcreation",nano,"Home of AI atelier ᥫ᭡.
partnerships: clairxstudios@gmail.com
Bookings open 01/06 or learn here ↓"
@facelessbyzara,-1,,"aicontentcreation",nano,"Follow my instagram @facelesszara.ai

Want to get started with AI? 💕
Click below to build your own AI influencer 👇🏻"
@ai_kass,-1,,"aicontentcreation",nano,"Higgsfield • InVideo creator 🎥
Build realistic AI visuals with Claude 🤖
All from your phone. 📱
👇 Full workflow"
@evijanjohn,-1,Evijanjohn@gmail.com,"aicontentcreation",nano,"In the lab like Grandpa Rick 👨🏾‍🔬🥽🔬🧪
AI mixed media video editing
Think Less - Create More 🎥
Evijanjohn@gmail.com 📩"
@hommefemme,-1,,"aicontentcreation",nano,"The Homme Team is 🌍"
@andreadigitalduo,-1,,"aicontentcreation",nano,"Make money with AI 🤖
Helping you scale authority, content, and income without burnout."
@ai.ajwad,-1,,"aicontentcreation",nano,"FIRST Ai Content Creator Software
Working with 500+ Businesses 🌍
🎬 Promote With Ai
Founder/CEO DM ME
SNIPPO.Ai"
@your_youtube_big_sister,-1,iwuohastella0@gmail.com,"aicontentcreation",nano,"Daughter🌺
YouTube Growth Tips. AI. Tech
📩 iwuohastella0@gmail.com"
@quondareneeai,-1,,"aicontentcreation",nano,"Bible Marketing Secrets
Content strategy for coaches authors & digital product sellers
Stop posting. Start converting.
⬇️"
@mirunaihub,-1,mirunahub@gmail.com,"aicontentcreation",nano,"Create content with Ai twin & avatar
Ugc without filming every day
💌mirunahub@gmail.com
DM me 'AI' to start"
@toontribe_,-1,toontribe03@gmail.com,"aicontentcreation",nano,"Viral AI Video Creator 🚀
I turn ideas into attention-grabbing content
📩 DM or Email for Ads/Promos
toontribe03@gmail.com WANT TO LEARN AI CONTENT CR"
@her.wealthy.era,-1,,"aicontentcreation",nano,"Your digital it-girl 💅🏾
AI lifestyle | Soft living | Beauty
IG: @herwealthyera__
How to + prompts Here 👇🏾"
@virality_ia,-1,,"aicontentcreation",nano,"Compte vide, servant
seulement de preuve pour Virality"
@ai.short.videos14,-1,,"aicontentcreation",nano,"Please Follow 🙏"
@wxda2835ap3,-1,,"aicontentcreation",nano,"Aucune biographie pour le moment."
@shebosschic,-1,,"aicontentcreation",nano,"SheBoss AI 👑
Luxury AI Influencer Creator🙎🏾‍♀️
I turn Ai content into cash 💸
Learn AI UGC, AI Podcast + Digital Products👇"
@avaaicreator,-1,avaaicreator@gmail.com,"aicontentcreation",nano,"UGC | TikTok Shop | Digital Products
Brands/collabs - avaaicreator@gmail.com 📧"
@vhampirella,-1,,"aicontentcreation",nano,"AI-powered art, visuals & stories. Turning prompts into worlds."
@katlok.ai,-1,,"aicontentcreation",nano,"AI Creator👩🏻‍💻
📈Photos & Videos that get noticed
✨10 Years of creativity"
@wig.brand.lab,-1,,"aicontentcreation",nano,"Je t’aide à lancer une marque de perruques qui vend
Fournisseurs + Contenu + stratégies de vente + Marketing
DM “WIG”"
@minted.visuals,-1,,"aicontentcreation",nano,"Minted AI in the App Store"
@h.nikishyna,-1,nikishyna.hanna95@gmail.com,"aicontentcreation",nano,"UGC & AI Creator 🇺🇦🎥
Based in Toronto 🇨🇦
💌nikishyna.hanna95@gmail.com
Inst: @nikishina.beauty"
@rhode,-1,,"aicontentcreation",nano,"one of everything really good ✨
a new philosophy on skincare by Hailey Bieber."
@flibbo_app,-1,,"aicontentcreation",nano,"AI image, video & music tools — all in one app."
@izu.aifilms,-1,,"aicontentcreation",nano,"AI Nollywood short films 🎬
I create viral AI drama scenes
Want to learn how to do this & monetize it?
👉 Join my WhatsApp👇👇👇👇"
@tommycetty,-1,,"aicontentcreation",nano,"I make AI videos for brands.
Get started today ⬇️"
@amandaalyynn,-1,amandagotgoods@gmail.com,"aicontentcreation",nano,"The AI /Marketing Girl 😝💎
DDH Creator😝 💜💼
💌: amandagotgoods@gmail.com
Learn passive income with Ai⬇️✨"
@ticklezxc,-1,,"aicontentcreation",nano,"CRMNVTBY"
@sabrina_unit,-1,,"aicontentcreation",nano,"You’ll end up watching twice 👀
For more of me
Link below ⬇️"
@ukbrickbreaker12,-1,,"aicontentcreation",nano,"Aucune biographie pour le moment."
@teresab_efa,-1,,"aicontentcreation",nano,"Successful Journey With My E-Com Family✨

Click The Link In My Bio For More!🚀"
@ia.david,-1,,"aicontentcreation",nano,"Je vous aide à utiliser l’IA simplement
➡️ Astuces concrètes & outils utiles"
@zahra_digital1,-1,,"aicontentcreation",nano,"No Niche...Just Vibes and AI"
@mackasy_ai,-1,,"aicontentcreation",nano,"Pixifield
Here's link you are looking 👀 👇🏽"
@pixzul.ai,-1,,"aicontentcreation",nano,"Blurring the line between Ai and reality Everything you see on this page was created on ⬇️

https://pixzul.ai"
@checkouttoworkout,-1,,"aicontentcreation",nano,"I’m an Ai video generator & video editing for meta, tiktok and ecommerce brands"
@yapayzekaserisi,-1,,"aicontentcreation",nano,"🇹🇷 From Turkey
🤖 Creativity meets AI.
⬇️ TUTORIAL IS OUT"
@editingwithdanielle,-1,,"aicontentcreation",nano,"edit with me xoxo"
@predmet_ai,-1,,"aicontentcreation",nano,"✨ Viral AI Videos | Unique ✨
🚀 Subscribe to be the first 🥇"
@aiugc.creator,-1,,"aicontentcreation",nano,"AI UGC Creator | Beauty & Skincare Ads
🚀 48hr Campaign-Ready Visuals
🎥 AI-Driven Ad Videos & Photos
💌 DM or collabs 👇🏾"
@ain.motion,-1,,"aicontentcreation",nano,"AI characters in motion ✨
Soft • Cute • Aesthetic
IG 👉 @ain.motion"
@nexautech.com,-1,,"aicontentcreation",nano,"Bringing you the latest AI developments.
Follow For More 🚀"
@shades.ofsarah,-1,,"aicontentcreation",nano,"🤍 Create AI Avatars that work for you
✨ Build income without showing your face
DM me on IG @shades.ofsarah"
@luxurycarusa_,-1,,"aicontentcreation",nano,"🔥 Crazy AI videos every day
🎬 Cinematic visuals & viral edits
👇 Full tools and exclusive content below"
@neurovibe.ai,-1,,"aicontentcreation",nano,"Creating viral content with Ai🤖"
@medthedesigner,-1,,"videocreator",nano,"🎥 Je t'aide à faire des vues qui rapportent
🧠 Montage vertical expert
💪 +30 clients conquis
⬇️ Audit Insta gratuit"
@rayane.infinity.views,-1,,"videocreator",nano,"🚀 | J'Aide les entrepreneurs à faire des vues
🌎 |+70 Millions de vues générées"
@lilouchrg,-1,Liloucharrongontier@gmail.com,"videocreator",nano,"Lilou
Liloucharrongontier@gmail.com 💌🌸"
@xsheeya,-1,,"videocreator",nano,"znajdziesz mnie też na:"
@princesscoreeee,-1,princesszaragosa@gmail.com,"videocreator",nano,"skincare | beauty | fashion | UGC ✨
princesszaragosa@gmail.com"
@high_heels_dancer22,-1,,"videocreator",nano,"Self-learning High Heels Dancing 👠
Let's dance together 🦋"
@miracle.visuals,-1,,"videocreator",nano,"🎬 Video Editor | Talking Heads & Reels
💼 I help brands & creators grow with high-retention edits
📩 DM to collaborate"
@viral.by.gillian,-1,,"videocreator",nano,"Deviens viral ici 🔥"
@kate.telek,-1,kate@socialaxisagency.com,"videocreator",nano,"🤳 Learn SMARTPHONE VIDEOGRAPHY
💌 kate@socialaxisagency.com
⬇️ Insta360 SNAP selfie screen"
@capcut,-1,,"videocreator",nano,"Start creating with CapCut today!"
@plan_bokah,-1,,"videocreator",nano,"🎥 Filmmaker basé à Strasbourg📍
🚀 Je filme, je monte, j’explique
⬇️ Projets & Collabs
👇Tout ce que j’utilise : juste ici"
@fabian.videos,-1,,"videocreator",nano,"Content Creator | I help you make better Videos
Courses & resources 👇"
@ugcbysylwia,-1,ugcbysylwia@gmail.com,"videocreator",nano,"UGC Creator | Europe
wellness * beauty * travel

💌 ugcbysylwia@gmail.com"
@daneiji_,-1,,"videocreator",nano,"Vidéaste | Monteur | Brand Content
Marques • Lifestyle • Tutos Vidéo"
@vixyneuml8,-1,,"videocreator",nano,"Aucune biographie pour le moment."
@lotusloveme_official62,-1,,"videocreator",nano,"☠️हर हर माहादेव🙏"
@danjdickman,-1,,"videocreator",nano,"Emotion through motion 🎥
Director | Filmmaker

More of me ⬇️
@danjdickman"
@mixmias,-1,miamoranfilms@gmail.com,"videocreator",nano,"Filmmaker, tech & lifestyle 🎥
💌 miamoranfilms@gmail.com"
@lukas.messing,-1,,"videocreator",nano,"Filmaker & Photographer
Cinematic content for brands & creatives
Vienna, Austria"
@mario.prawira,-1,,"videocreator",nano,"⛩️ Content & Marketing Strategist📍Bali
👇🏽 Turn your phone into a money-making machine"
@harry__allsop,-1,,"videocreator",nano,"🔥 Learn to make PRO content
📱 Editing tips
❌ No fancy gear needed"
@assemblycreation,-1,assemblycreation@gmail.com,"videocreator",nano,"Créatrice de contenu • Drone • 17 Pro • Sony
Tarif et réservation par mail ou IG
IG | assemblycreation
assemblycreation@gmail.com
Paris | Abidjan"
@badrusalams,-1,,"videocreator",nano,"TikTok entertainment video and vlog old life video culture village style 'Follow My Page'👇"
@be_viky.beauty,-1,Pickyvicky2023@gmail.com,"videocreator",nano,"UGC• Beauty • Visuals
Pickyvicky2023@gmail.com
Miami, FL 🇺🇸
Get FREE Lessons here 👇🏻"
@gisou,-1,,"videocreator",nano,"Honey Infused Haircare from the Mirsalehi Bee Garden by @negin_mirsalehi 🍯🐝✨"
@daan.jtw,-1,,"videocreator",nano,"Videographer from the Netherlands
Send me a dm for collabs"
@coach_quarter,-1,,"videocreator",nano,"🚀 Je t’aide à passer de 0 à +10K abonnés
Tout se passe ici👇"
@neliakh07,-1,,"videocreator",nano,"Videography🌛
inst: neliiaa.kh"
@kcajmedia,-1,Kcajmediabusiness@gmail.com,"videocreator",nano,"Instagram: KCAJ.MEDIA
Contact: Kcajmediabusiness@gmail.com"
@frames.ap,-1,,"videocreator",nano,"☔️
Yeah, I love dark tones
[italy, Rome] | available for client work
Instagram and YouTube ↓"
@velixx457,-1,,"videocreator",nano,">>10k"
@noahsvisionz,-1,,"videocreator",nano,"Creator, Athlete & Motivator from Luxembourg 🇱🇺
Founder @earlybirdagency"
@lobe.media,-1,,"videocreator",nano,"Ready to level up your marketing? Let's talk!⬇️"
@mae.aesthetics1,-1,,"videocreator",nano,"Safe Non-surgical Injectable treatments
By Advanced Nurse Prescribers"
@gv.visuals,-1,,"videocreator",nano,"Insta (40k+)
⬇️ Luts & Presets on my Website ⬇️
Daily Cinema Bundle OUT NOW"
@byevaaluna1,-1,,"videocreator",nano,"Just a girly obsessed with camera's, living in Amsterdam (with my English boyfriend) 🌸👀

My work 👇🏼🎥"
@akushika.q,-1,aku.partnerships@gmail.com,"videocreator",nano,"Food videographer, Educator & Gear enthusiast
Work📩
aku.partnerships@gmail.com"
@ali.planner,-1,hello@aliplanner.com,"videocreator",nano,"Je transforme ma vie en série 🎬
30 lois pour me réinventer !

🎥👇
💌 hello@aliplanner.com"
@kamilsabathy,-1,hello@kamilsabathy.com,"videocreator",nano,"🎥 | Filmmaker & Photographer
✉️ | hello@kamilsabathy.com
📍 | Vienna, Austria"
@mike.grandio,-1,,"videocreator",nano,"Creating high-impact visuals for brands & tourism
» From Barcelona based in Dubai📍🇦🇪"
@raw_lence,-1,,"videocreator",nano,"Cinematographer and photographer based in Italy.
Founder of www.rawspektiv.com"
@tashidelekp,-1,contact@tashidp.com,"videocreator",nano,"📩 contact@tashidp.com

New powergrade/lut⬇️"
@jps.visuals,-1,,"videocreator",nano,"Join me on my creative journey
📷 photography
🎥 videography
🚁 fpv"
@ollilloyd,-1,,"videocreator",nano,"🎥 Founder | Mach 3 Studio Ltd
🎯 Video Production • Brand Strategy • Content Creation
🌍 UK Based, Global Clientele"
@itspatj,-1,,"videocreator",nano,"Miami Videographer
🎥 VideoHouse
⇩ FREE ‘Gimbal Settings Cheatsheet’"
@ela.shooting,-1,,"videocreator",nano,"🍸Wedding & Event Content Creator
Timeless Aesthetics • Elegant Stories 🎞️
Paris + Destination

IG @ela.shooting"
@sametram_,-1,sametram0093@gmail.com,"videocreator",nano,"📍Nashville, TN
Lash Artist | Video Editor
💌 sametram0093@gmail.com"
@madebyrwinz,-1,,"videocreator",nano,"🎬 VIDEO PRODUCER | VFX ARTIST 🎨
Based in Latvia 🇱🇻🇺🇸"
@videocreatorsworld,-1,,"videocreator",nano,"Let’s make this the biggest community for video creators around the world!
🎥🌎"
@yourmediachic,-1,,"videocreator",nano,"You have a story, I tell it through my lens. 🎥
Video Editor || Video Strategist || Storyteller
Send a DM, Let’s Create!🤎"
@ojb.colorist,-1,,"videocreator",nano,"Filmmaker | Content Creator | Editor | Colorist"
@abou_burhan,-1,,"videocreator",nano,"Artist of Life 🌿
Zanzibar Awarded Photographer 🏆"
@officialdonvelasco,-1,,"videocreator",nano,"Entrepreneur
Founder of @Moving Still Media
Co-Founder of @FFH"
@iambensalah,-1,,"videocreator",nano,"Easy, I make videos 🎥
l Video Content Creator l
📍Casablanca, Morocco 🇲🇦"
@faiz_shaikh_mansu,-1,,"videocreator",nano,"Follow my account dude"
@annnakov10,-1,,"videocreator",nano,"Video Creator"
@luciano.gonzalez_3,-1,,"videocreator",nano,"🚀 Logre +1M de Vistas y un Crecimiento Real en Redes
WhatsApp: +54 2634944844"
@ruy_r.s,-1,,"videocreator",nano,"💻 Ayudo a editores 1-1 a escalar y generar ingresos reales con su edición
⬇️Unete a nuestra comunidad de editores y aprende a editar desde cero"
@innes.dodor,-1,,"videocreator",nano,"Product Videographer | Filmmaker | Cinematic visuals
instagram: @innes.dodor
Collaboration brief ↓"
@yslbeauty,-1,,"videocreator",nano,"Your bold beauty obsession 🔥"
@ysl,-1,,"videocreator",nano,"The official Saint Laurent Tiktok account."
@justfilms_gmbh,-1,,"videocreator",nano,"🎥 Social-First Videoagentur
📍Based in Köln
➡️ www.just-films.eu"
@hoor_edits9,-1,,"videocreator",nano,"💻 Video Editor & Digital Marketer
📈 Grow your brand with me
💸 Paid services available
✉️ DM for services"
@zs.m3dia,-1,zachary.saladino@zsm3dia.com,"videocreator",nano,"MONTREAL📍
PHOTOGRAPHER & VIDEOGRAPHER
Sharing my work 📸
Always improving 🫡
Email: zachary.saladino@zsm3dia.com"
@lilyspace1999,-1,,"videocreator",nano,"💥🔥🐉🥷🐉🔥💥"
@nauriacosty,-1,,"videocreator",nano,"Facebook: Livokstudio Makeup
Instagram: livokhair_makeup"
@ntonistudio,-1,,"videocreator",nano,"Ici, on vend des sacs en crochet
Handmade and recycled yarn.

Available soon."
@uliyait,-1,,"videocreator",nano,"Креатор-Ai
Превращаю концепции в контент, который работает."
@sri.lanka.boy95,-1,,"videocreator",nano,"Aucune biographie pour le moment."
@calidoniomia,-1,miacalidonio@dulcedo.com,"contentcreation",nano,"Just a girl navigating life in faith, beauty, motherhood, and fitness
@Oner Active @YoungLA for Her CODE MIACALI miacalidonio@dulcedo.com"
@aa__diana,-1,,"contentcreation",nano,"Social media strategist 📲
Building €2K SMM biz in 5 days
DM 'AUDIT' for free IG review
https://www.instagram.com/aa__diana"
@_sydpaige,-1,hello@syd-paige.com,"contentcreation",nano,"atl
📧 hello@syd-paige.com"
@vrg.grl,-1,,"contentcreation",nano,"It's better on the edge.
Certified B Corporation."
@mafeanzures,-1,mafe@viralnationtalent.com,"contentcreation",nano,"miami
mafe@viralnationtalent.com
@I Missed Me Podcast"
@carinewills,-1,Carinewills28@gmail.com,"contentcreation",nano,"📍🇬🇧
Skincare| Vlogs | lifestyle | travel
For collab
👇
💌Carinewills28@gmail.com💌"
@julielove144,-1,,"contentcreation",nano,"Recording and posting era🇨🇲🇬🇧"
@lyssknudsen,-1,lyssknudsen@thesociablesociety.com,"contentcreation",nano,"Happy you’re here!
Sharing the little things that make everyday life happier
nails at home | beauty | style
💌 lyssknudsen@thesociablesociety.com"
@soleilssofiaa,-1,soleil@meraki-group.co,"contentcreation",nano,"ur fav marketing girlie
🍵🖥️🪷🍸✨
✉️ soleil@meraki-group.co"
@gracenah,-1,gracenah@undercurrent.net,"contentcreation",nano,"your fav blue hair girl 💋
nyc & amherst college
gracenah@undercurrent.net"
@sweetlyjass,-1,,"contentcreation",nano,"✨Pop-up LIVE HOST✨
Soft life in progress.. 🎀 Lifestyle - Hobbies - Beauty - Vibes"
@mckennasalazar,-1,mckennamarie@select.co,"contentcreation",nano,"socal
mckennamarie@select.co
i make youtube videos! ⭐️"
@lovenabeelah,-1,nabeelah@pomegranatee.com,"contentcreation",nano,"beauty • fashion • lifestyle
📍Toronto
💌 nabeelah@pomegranatee.com"
@sarahbanks.ugc,-1,Sarahbanksie.collab@gmail.com,"contentcreation",nano,"Full-Time UGC CREATOR
26
✨Bachelors degree in Marketing & Sales✨
Main Account: @Sarah Banks | Motherhood
Let's collab 💌 : Sarahbanksie.collab@gmail.c"
@judithgclub,-1,hello@judithrios.com,"contentcreation",nano,"dallas 🤠
God | wellness | lifestyle | vlogs | 🐶 mom
Goodness Club Podcast🫶🏻
hello@judithrios.com"
@annabelhalliday,-1,annabelhalliday@amotalenthouse.com,"contentcreation",nano,"Living a beautiful life ❤️
Beauty | Lifestyle | Fitness
📍Dallas, TX
annabelhalliday@amotalenthouse.com📩💸"
@94lifestyled,-1,,"contentcreation",nano,"Noise app Premium Creator
Let's make some Noise.
Side hustle lifestyle
Get started with code: 94lifestyled"
@itschikavictory,-1,chikacllbs@gmail.com,"contentcreation",nano,"🇳🇬/🇩🇪 |📍🇬🇧
building my influencer era from scratch...in public✨
💌PR/Collabs: chikacllbs@gmail.com"
@kaitxamaya,-1,thekaitlynamaya@gmail.com,"contentcreation",nano,"†
be a light for all to see 🫐✨💗💡
23 > AL | fashion | vlogs | lifestyle
💌 thekaitlynamaya@gmail.com"
@simplyniquenique,-1,simplyniquenique@gmail.com,"contentcreation",nano,"Your Gen X Beauty Bestie
GRWM | Beauty + Lifestyle Creator
Military Wife • Mom of 2
Real reviews • Soft glam • DIY vibes
📧 simplyniquenique@gmail.com"
@asaxcameron,-1,asacameron@yahoo.com,"contentcreation",nano,"life • fashion • advice
📍NYC
IG: A.X.CAM👇🏾
💌: asacameron@yahoo.com"
@olena.ugc,-1,olenaugccreator@gmail.com,"contentcreation",nano,"beauty | fashion | lifestyle | inspo
📍Chicago
💌 coop:olenaugccreator@gmail.com"
@_leenitaa,-1,pro.leenitaa@gmail.com,"contentcreation",nano,"Just a girly with big dreams and a solid plan 🌸
Data scientist 💻
Lifestyle | Fashion | Beauty | Travel
💌 : pro.leenitaa@gmail.com"
@rawtoestablished,-1,,"contentcreation",nano,"I turn raw clips into clean, professional short-form content that makes creators look established.

Rawtoestablished.com"
@whoisconstanceoff,-1,whoisconstanceoff@gmail.com,"contentcreation",nano,"minimaliste, fabuleuse et 16% millionnaire
whoisconstanceoff@gmail.com"
@socialsocietyau,-1,,"contentcreation",nano,"Social First Marketing Agency
BTS & agency life
IG @socialsocietyau"
@geminivlogss,-1,gabyrose@thedigitaldept.com,"contentcreation",nano,"miami | a slice of life
gabyrose@thedigitaldept.com"
@cosmina.neamtu,-1,hello@cosminaneamtu.com,"contentcreation",nano,"your energetic girl
street fit check & good vibes ✨
💌 hello@cosminaneamtu.com
ig: cosminaneamtu (+55K)"
@preppy_ella_37,-1,,"contentcreation",nano,"𝐒𝐤𝐢𝐧𝐜𝐚𝐫𝐞 🧴🫧 𝐏𝐫𝐞𝐩𝐩𝐲 🎀💖 𝐆𝐑𝐖𝐌 💅 𝐀𝐝𝐨𝐩𝐭 𝐌𝐞 🐶🌸 𝐆𝐨𝐚𝐥: 𝟏𝟎𝐊 ⭐ 𝐏𝐑: 𝐞𝐥𝐥𝐚𝐜𝐚𝐝𝐞𝐚𝐱@𝐠𝐦𝐚𝐢𝐥.𝐜𝐨𝐦 💌"
@iiamlo,-1,official.iiamlo@gmail.com,"contentcreation",nano,"oh-va
curated renaissance woman🐞
faith | life | style | coffee
✉️ official.iiamlo@gmail.com"
@wetikshop,-1,EmailConstantChris@gmail.com,"contentcreation",nano,"🎁Discount Hunters🎁
🚨Problem Solver Products🚨

EmailConstantChris@gmail.com"
@ellementsofadventure,-1,elleclangton@gmail.com,"contentcreation",nano,"📍Portland, OR
Sharing anything and everything
Curated chaos

💌 elleclangton@gmail.com"
@sarahcontentstudio,-1,blondewanderess19@gmail.com,"contentcreation",nano,"📸 UGC / Content creator / Influencer
📧 blondewanderess19@gmail.com
⬇️ tap link for content strategy + free recourses"
@good.girl.creative,-1,stella@goodgirlcreative.co,"contentcreation",nano,"🎀 Good Girl Creative
UGC Creator for TikTok Shop + Amazon
@Raising ⏾ Wolf
@Stella ⭐ Star List Finds
📩 stella@goodgirlcreative.co"
@kimdoingugc,-1,,"contentcreation",nano,""
@medicube_official,-1,,"contentcreation",nano,"Real Results."
@mimithekidd_,-1,,"contentcreation",nano,"Aucune biographie pour le moment."
@bites101,-1,,"contentcreation",nano,"✝️ransformational Coach | Growth Strategist | Health & Wellness Advocate| Lifestyle| TikTok $hop Affiliate | I Help YOU Transform YOUR Life.
Weekly Li"
@liathebrand,-1,,"contentcreation",nano,"Here to make you feel special ✨"
@pomcreativeagency,-1,,"contentcreation",nano,"https://www.powerofmaking.com"
@clip2reveal,-1,,"contentcreation",nano,"Interviews d’actrices X 🎙️
Vérités crues & sujets spicy 🔥
Abonne-toi !"
@carla_vyxxx,-1,,"contentcreation",nano,"Snap: carla_vyx1 👻"
@charlie_raexxx,-1,,"contentcreation",nano,"charlie-raexxx.com"
@jacklovestech,-1,official.jacktech@gmail.com,"growyourchannel",nano,"Young tech creator 🔥
official.jacktech@gmail.com"
@teamwork_2612,-1,,"growyourchannel",nano,"I follow back"
@_taychanelle,-1,xotaychanelle@gmail.com,"growyourchannel",nano,"Faith+Peace+Freedom+Mindset✝️
Make Money Online📱💰
xotaychanelle@gmail.com"
@lifeofgracy_,-1,thesecretlifeofgracy@gmail.com,"growyourchannel",nano,"📍CA
#thayersambassador
#bubbleambassador
💌thesecretlifeofgracy@gmail.com"
@mrsbean52,-1,,"growyourchannel",nano,"Laugh, play & raise the vibes! 🐈🐈 I love Rocky Balboa! live pop ups!
⬇️ Click Link Below-Free happiness guide + song You Are NOT a Loser!"
@amazeplaysyt,-1,,"growyourchannel",nano,"FOLLOW ME!"
@newtonisaac1643,-1,,"growyourchannel",nano,"MUSIC ❕
9999 / 10,000 followers ✅"
@blissjams,-1,,"growyourchannel",nano,"Solo travel 🚐
YouTube EXPERT 💰
God is sound ❤️‍🔥
Appalachian native 🪕🐍"
@thehomeschoolingrodeomom,-1,,"growyourchannel",nano,"✝️SAHMx5-Grammyx2-homeschool-horses-rodeo mom"
@brandon_.marketing,-1,brandonmarketing11@gmail.com,"growyourchannel",nano,"Helping you navigate the digital economy📈🇰🇪
Email for Inquiries📩👇
brandonmarketing11@gmail.com"
@adamenfroy,-1,,"growyourchannel",nano,"7-Figure Blogger & YouTuber. Watch my free AI masterclass:"
@.rashed.arab.netwo,-1,,"growyourchannel",nano,"Aucune biographie pour le moment."
@streaampalace,-1,,"growyourchannel",nano,"Legendary Clips ⬇️"
@coltonhavens2.0,-1,,"growyourchannel",nano,"Creating Attention To Your Business Is Not Luck! Join 👇100K View Challenge👇"
@coltonhavens6,-1,,"growyourchannel",nano,""
@lifechanger0707,-1,,"growyourchannel",nano,"'Need Support'❤️‍🩹"
@thesimpcast,-1,,"growyourchannel",nano,"follow us for more dumb content like this! check us out on yt too for more"
@ryanblake.u.s,-1,,"growyourchannel",nano,"Exploring AI tools, YouTube growth, SEO, hosting & digital creativity."
@stephengpope,-1,,"growyourchannel",nano,"Learn AI automation and make $10k+/month 👇"
@.infotech509,-1,,"growyourchannel",nano,"Tutos Tech | Astuces numériques |Tutos Capcut | #Team infotech509 Gonaïves.📍
🇭🇹🇫🇷🇺🇸
WhatsApp🟢 VIP +5094866-2552"
@synthesia_ai,-1,,"growyourchannel",nano,"#1 Al avatar video generator, Synthesia🤖"
@decotechie,-1,decotechie@gmail.com,"growyourchannel",nano,"Daily tech tips and AI tools🤖
Promo: decotechie@gmail.com"
@battyrantz_,-1,,"growyourchannel",nano,"felix fictionlink
animations inspired by: @♡Itz•TikTok•Dia♡"
@gaellevel,-1,,"growyourchannel",nano,"Content creator life tips
Twitch / OBS Studio tutorials"
@moyooyeniyi,-1,,"growyourchannel",nano,"🌸Tech, Beauty, Fashion, Lifestyle 🌸
📧 moyooyeniyi1@ gmail.com
📍🇬🇧"
@aceangiemontana,-1,,"growyourchannel",nano,"$Montanaknepper my family appreciate it we're building up to buy a house 🏡"
@mindygenai,-1,,"growyourchannel",nano,"Making AI work for everyone."
@thekashifmajeed,-1,,"growyourchannel",nano,"Youtuber, Freelancer & Influencer 🇵🇰"
@teaches_and_technique,-1,,"growyourchannel",nano,"Don't trust anyone because)👀..
People change anytime without any reson..❤️"
@fore.auggie,-1,fore.auggie@gmail.com,"growyourchannel",nano,"Auggie, like Augusta National⛳️
Purebred Golden Retriever 🧡
Born Aug 5, 2025 🧁
💌 fore.auggie@gmail.com"
@big.js.adventures,-1,,"growyourchannel",nano,"The world's first trombone super hero"
@positiveperk,-1,workwithpositiveperk@gmail.com,"growyourchannel",nano,"Debt Free Payoff Journey
12/14: student loan $18,255.71
12/26: balance $18,045.74
Venmo: @kenny-perkins-3
workwithpositiveperk@gmail.com"
@stayathomestreamer,-1,,"growyourchannel",nano,"🎀SAHM during the day | STREAMER at night🎀"
@calibergamingcontent,-1,,"growyourchannel",nano,"Make a living creating gaming content on YouTube by following this simple advice"
@trinatimerra,-1,,"growyourchannel",nano,"✭ Fashion • Lifestyle • Business ✭
🇨🇮"